Sample File, Marker, Allele 1, Allele 2, Allele 3, Allele 4, Allele 5, Allele 6, Allele 7, Allele 8, Allele 9, Allele 10, Size 1, Size 2, Size 3, Size 4, Size 5, Size 6, Size 7, Size 8, Size 9, Size 10, Height 1, Height 2, Height 3, Height 4, Height 5, Height 6, Height 7, Height 8, Height 9, Height 10, 
Example, D3S1358,15,16,17,18,19, , , , , ,121.35,125.35,129.39,133.47,137.59, , , , , ,1800,262,1494,2067,2035, , , , , , 
Example, vWA,13,14,15,16,17,18,, , , ,164.95,169.06,172.92,176.97,180.97,185.12,, , , ,46,1640,93,1419,1529,1425,, , , , 
Example, D16S539,8,9,10,12,13, , , , , ,239.82,243.93,247.93,256.14,260.09, , , , , ,137,1311,3200,113,1680, , , , , , 
Example, CSF1PO,8,9,10,11,12, , , , , ,291.15,295.15,299.07,303.01,306.89, , , , , ,59,1831,165,1328,2853,, , , , , 
Example, TPOX,8,10,11, , , , , , , ,350.77,359.01,362.95, , , , , , , ,1150,2395,1100, , , , , , , , 
Example, Yindel, , , , , , , , , , , , , , , , , , , , , , , , , , , , , , , 
Example, AMEL, X, , , , , , , , , ,98.81, , , , , , , , , ,11136, , , , , , , , , , 
Example, D8S1179,11,12,13,14,, , , , , ,138.5,142.62,146.78,151.04,, , , , , ,262,3557,4117,2783,, , , , , , 
Example, D21S11,28,29,30,31.2,32.2, , , , , ,199.64,203.65,207.57,213.56,217.72, , , , , ,1715,79,2502,169,2050, , , , , , 
Example, D18S51,13,14,17,, , , , , , ,285.76,289.76,301.73,, , , , , , ,400,7163,1908,, , , , , , , 
Example, DYS391, , , , , , , , , , , , , , , , , , , , , , , , , , , , , , , 
Example, D2S441,9,10,11,12,13,14, , , , ,80.86,84.99,89.15,93.25,97.22,101.29, , , , ,70,1526,1500,1875,77,1522, , , , , 
Example, D19S433,12,12.2,13,13.2,14,15, , , , ,141.6,143.55,145.59,147.54,149.51,153.51, , , , ,134,61,2321,1139,60,1056, , , , , 
Example, TH01,6,7,8,9.3,, , , , , ,187.24,191.31,195.31,202.43,, , , , , ,922,929,628,776,, , , , , , 
Example, FGA,18,19,21,22,23,24, , , , ,243.46,247.67,255.6,259.55,263.55,267.58, , , , ,63,1731,137,1914,150,3676, , , , , 
Example, D22S1045,15,16,17,18,19, , , , , ,109.42,112.39,115.34,118.26,121.19, , , , , ,1508,155,3497,1428,89, , , , , , 
Example, D5S818,8,9,10,11,12,13, , , , ,142.7,146.78,150.87,154.99,159.05,163.07, , , , ,55,1657,169,1792,2128,1398, , , , , 
Example, D13S317,7,8,9, , , , , , , ,206.87,210.82,214.81, , , , , , , ,2071,1955,3971, , , , , , , , 
Example, D7S820,8,9,10,11,, , , , , ,270.6,274.68,278.69,282.6,, , , , , ,58,1656,3747,2469,, , , , , , 
Example, SE33,18,18.2,19,23.2,24,24.2,25.2,26,26.2, ,362.31,364.3,366.36,384.45,386.48,388.51,392.57,394.5,396.64, ,182,47,1940,106,49,1670,2094,42,2088, , 
Example, D10S1248,13,14,15,17, , , , , , ,106.04,110.06,114.08,122.03, , , , , , ,231,2959,2107,1490, , , , , , , 
Example, D1S1656,14,14.2,15,16,17,17.3,, , , ,180.11,182.01,184.23,188.3,192.37,195.38,, , , ,190,46,4297,220,1812,2013,, , , , 
Example, D12S391,17,18,19,20, , , , , , ,228.52,232.48,236.46,240.47, , , , , , ,161,2919,184,3492, , , , , , , 
Example, D2S1338,18,19,20, , , , , , , ,309.14,313.13,317.35, , , , , , , ,214,892,2961, , , , , , , , 
