Sample File, Marker, Allele 1, Allele 2, Allele 3, Allele 4, Allele 5, Allele 6, Allele 7, Allele 8, Allele 9, Allele 10, Allele 11, Allele 12, Allele 13, Allele 14, Allele 15, Size 1, Size 2, Size 3, Size 4, Size 5, Size 6, Size 7, Size 8, Size 9, Size 10, Size 11, Size 12, Size 13, Size 14, Size 15, Height 1, Height 2, Height 3, Height 4, Height 5, Height 6, Height 7, Height 8, Height 9, Height 10, Height 11, Height 12, Height 13, Height 14, Height 15, 
16-19_1-1_0.25ng_1574159337792.hid, D3S1358, 16, 17, 18, 19, , , , , , , , , , , , 125.33, 129.37, 133.45, 137.5, , , , , , , , , , , , 209, 2609, 1333, 649, , , , , , , , , , , , 
16-19_1-1_0.25ng_1574159337792.hid, vWA, 14, 15, 16, 17, 18, 19, , , , , , , , , , 169.15, 172.93, 176.98, 181.05, 185.09, 189.23, , , , , , , , , , 1005, 71, 1223, 881, 153, 1629, , , , , , , , , , 
16-19_1-1_0.25ng_1574159337792.hid, D16S539, 8, 9, 12, 13, , , , , , , , , , , , 239.91, 243.99, 256.13, 260.09, , , , , , , , , , , , 120, 3949, 101, 1604, , , , , , , , , , , , 
16-19_1-1_0.25ng_1574159337792.hid, CSF1PO, 8, 9, 10, 11, 12, , , , , , , , , , , 291.14, 295.14, 299.07, 302.95, 306.96, , , , , , , , , , , 44, 1200, 1808, 179, 2796, , , , , , , , , , , 
16-19_1-1_0.25ng_1574159337792.hid, TPOX, 8, 10, 11, , , , , , , , , , , , , 350.87, 359.01, 363.04, , , , , , , , , , , , , 1137, 57, 2109, , , , , , , , , , , , , 
16-19_1-1_0.25ng_1574159337792.hid, Yindel, , , , , , , , , , , , , , , , , , , , , , , , , , , , , , , , , , , , , , , , , , , , , , 
16-19_1-1_0.25ng_1574159337792.hid, AMEL, X, , , , , , , , , , , , , , , 98.73, , , , , , , , , , , , , , , 8622, , , , , , , , , , , , , , , 
16-19_1-1_0.25ng_1574159337792.hid, D8S1179, 11, 12, 13, 14, 15, , , , , , , , , , , 138.5, 142.62, 146.78, 151.04, 155.16, , , , , , , , , , , 140, 2142, 3438, 156, 2441, , , , , , , , , , , 
16-19_1-1_0.25ng_1574159337792.hid, D21S11, 28, 29, 30, 31.2, 32.2, , , , , , , , , , , 199.65, 203.66, 207.68, 213.65, 217.66, , , , , , , , , , , 120, 2221, 2359, 171, 1463, , , , , , , , , , , 
16-19_1-1_0.25ng_1574159337792.hid, D18S51, 13, 14, 17, 18, , , , , , , , , , , , 285.65, 289.74, 301.66, 305.65, , , , , , , , , , , , 297, 5434, 140, 1815, , , , , , , , , , , , 
16-19_1-1_0.25ng_1574159337792.hid, DYS391, , , , , , , , , , , , , , , , , , , , , , , , , , , , , , , , , , , , , , , , , , , , , , 
16-19_1-1_0.25ng_1574159337792.hid, D2S441, 9, 10, 11, 12, 13, 14, , , , , , , , , , 80.85, 84.96, 89.02, 93.19, 97.14, 101.22, , , , , , , , , , 61, 1373, 154, 2444, 56, 1062, , , , , , , , , , 
16-19_1-1_0.25ng_1574159337792.hid, D19S433, 12, 12.2, 13, 13.2, 14, , , , , , , , , , , 141.6, 143.64, 145.59, 147.54, 149.51, , , , , , , , , , , 98, 42, 1727, 856, 892, , , , , , , , , , , 
16-19_1-1_0.25ng_1574159337792.hid, TH01, 6, 7, 9, 9.3, , , , , , , , , , , , 187.29, 191.34, 199.38, 202.44, , , , , , , , , , , , 782, 479, 451, 912, , , , , , , , , , , , 
16-19_1-1_0.25ng_1574159337792.hid, FGA, 18, 19, 21, 22, 23, , , , , , , , , , , 243.62, 247.69, 255.59, 259.55, 263.57, , , , , , , , , , , 78, 1289, 63, 1088, 2426, , , , , , , , , , , 
16-19_1-1_0.25ng_1574159337792.hid, D22S1045, 15, 16, 17, 18, 19, , , , , , , , , , , 109.49, 112.47, 115.4, 118.21, 121.11, , , , , , , , , , , 115, 1360, 3429, 803, 62, , , , , , , , , , , 
16-19_1-1_0.25ng_1574159337792.hid, D5S818, 8, 9, 10, 11, 12, 13, , , , , , , , , , 142.7, 146.78, 150.87, 154.99, 159.13, 163.16, , , , , , , , , , 47, 1252, 1014, 102, 1554, 1477, , , , , , , , , , 
16-19_1-1_0.25ng_1574159337792.hid, D13S317, 7, 8, 9, , , , , , , , , , , , , 206.89, 210.92, 214.89, , , , , , , , , , , , , 68, 4367, 3065, , , , , , , , , , , , , 
16-19_1-1_0.25ng_1574159337792.hid, D7S820, 8, 9, 10, 11, 12, , , , , , , , , , , 270.64, 274.62, 278.6, 282.69, 286.58, , , , , , , , , , , 74, 2222, 2933, 75, 1354, , , , , , , , , , , 
16-19_1-1_0.25ng_1574159337792.hid, SE33, 17, 18, 23.2, 24, 24.2, 25, 25.2, 26, 26.2, , , , , , , 358.41, 362.35, 384.45, 386.37, 388.5, 390.43, 392.56, 394.5, 396.53, , , , , , , 48, 607, 141, 56, 1565, 49, 1801, 44, 1353, , , , , , , 
16-19_1-1_0.25ng_1574159337792.hid, D10S1248, 13, 14, 15, 16, , , , , , , , , , , , 106.01, 110.13, 114.16, 118.05, , , , , , , , , , , , 138, 1875, 1561, 1969, , , , , , , , , , , , 
16-19_1-1_0.25ng_1574159337792.hid, D1S1656, 13, 14, 15, 16, 16.3, 17, 17.3, , , , , , , , , 176.2, 180.18, 184.3, 188.35, 191.34, 192.4, 195.4, , , , , , , , , 183, 2428, 1736, 146, 134, 1343, 2148, , , , , , , , , 
16-19_1-1_0.25ng_1574159337792.hid, D12S391, 17, 18, 19, 20, , , , , , , , , , , , 228.45, 232.52, 236.53, 240.56, , , , , , , , , , , , 154, 2486, 1334, 2368, , , , , , , , , , , , 
16-19_1-1_0.25ng_1574159337792.hid, D2S1338, 18, 19, 20, , , , , , , , , , , , , 309.13, 313.23, 317.39, , , , , , , , , , , , , 154, 2659, 1019, , , , , , , , , , , , , 
