"Sample Name","Marker","Allele 1","Allele 2"
"Example_1","D3S1358","15","17"
"Example_1","vWA","18","18"
"Example_1","D16S539","9","9"
"Example_1","CSF1PO","10","12"
"Example_1","TPOX","8","8"
"Example_1","Yindel","2",""
"Example_1","AMEL","X","Y"
"Example_1","D8S1179","14","15"
"Example_1","D21S11","30","30"
"Example_1","D18S51","13","14"
"Example_1","DYS391","10",""
"Example_1","D2S441","10","10.1"
"Example_1","D19S433","12","13.2"
"Example_1","TH01","9","9"
"Example_1","FGA","20","27"
"Example_1","D22S1045","11","11"
"Example_1","D5S818","10","10"
"Example_1","D13S317","12","13"
"Example_1","D7S820","11","11"
"Example_1","SE33","18","24.2"
"Example_1","D10S1248","13","13"
"Example_1","D1S1656","16","18.3"
"Example_1","D12S391","19","21"
"Example_1","D2S1338","19","26"
"Example_2","D3S1358","15","15"
"Example_2","vWA","16","19"
"Example_2","D16S539","9","11"
"Example_2","CSF1PO","12","12"
"Example_2","TPOX","8","11"
"Example_2","Yindel","1",""
"Example_2","AMEL","X","Y"
"Example_2","D8S1179","13","16"
"Example_2","D21S11","30","32"
"Example_2","D18S51","15","15"
"Example_2","DYS391","10",""
"Example_2","D2S441","10","11"
"Example_2","D19S433","14","14"
"Example_2","TH01","7","9"
"Example_2","FGA","25","26"
"Example_2","D22S1045","11","15"
"Example_2","D5S818","11","11"
"Example_2","D13S317","10","13"
"Example_2","D7S820","11","14"
"Example_2","SE33","21.2","26.2"
"Example_2","D10S1248","13","13"
"Example_2","D1S1656","15","15"
"Example_2","D12S391","15","19"
"Example_2","D2S1338","17","20"
"Example_3","D3S1358","15","16"
"Example_3","vWA","14","19"
"Example_3","D16S539","9","11"
"Example_3","CSF1PO","12","12"
"Example_3","TPOX","8","8"
"Example_3","Yindel","2",""
"Example_3","AMEL","X","Y"
"Example_3","D8S1179","10","16"
"Example_3","D21S11","29","32.2"
"Example_3","D18S51","14","15"
"Example_3","DYS391","10",""
"Example_3","D2S441","10","11"
"Example_3","D19S433","14","14.2"
"Example_3","TH01","6","7"
"Example_3","FGA","21","22"
"Example_3","D22S1045","15","15"
"Example_3","D5S818","10","11"
"Example_3","D13S317","8","12"
"Example_3","D7S820","10","12"
"Example_3","SE33","24.2","28.2"
"Example_3","D10S1248","12","12"
"Example_3","D1S1656","16","17.3"
"Example_3","D12S391","17","24"
"Example_3","D2S1338","19","24"
"Example_4","D3S1358","17","17"
"Example_4","vWA","16","17"
"Example_4","D16S539","9","11"
"Example_4","CSF1PO","10","12"
"Example_4","TPOX","8","11"
"Example_4","Yindel","2",""
"Example_4","AMEL","X","Y"
"Example_4","D8S1179","13","14"
"Example_4","D21S11","30","31"
"Example_4","D18S51","15","16"
"Example_4","DYS391","10",""
"Example_4","D2S441","12","12"
"Example_4","D19S433","14","15.2"
"Example_4","TH01","6","6"
"Example_4","FGA","23","23"
"Example_4","D22S1045","15","15"
"Example_4","D5S818","11","11"
"Example_4","D13S317","10","11"
"Example_4","D7S820","11","12"
"Example_4","SE33","15","27.2"
"Example_4","D10S1248","15","15"
"Example_4","D1S1656","14","17"
"Example_4","D12S391","18","18"
"Example_4","D2S1338","19","23"
"Example_5","D3S1358","16","18"
"Example_5","vWA","17","19"
"Example_5","D16S539","11","12"
"Example_5","CSF1PO","12","13"
"Example_5","TPOX","8","11"
"Example_5","Yindel","1",""
"Example_5","AMEL","X","Y"
"Example_5","D8S1179","10","11"
"Example_5","D21S11","31","33.2"
"Example_5","D18S51","13","13"
"Example_5","DYS391","10",""
"Example_5","D2S441","10","11"
"Example_5","D19S433","13","14"
"Example_5","TH01","6","9"
"Example_5","FGA","19","24"
"Example_5","D22S1045","15","17"
"Example_5","D5S818","12","13"
"Example_5","D13S317","8","10"
"Example_5","D7S820","11","11"
"Example_5","SE33","21","28.2"
"Example_5","D10S1248","12","13"
"Example_5","D1S1656","16","17.3"
"Example_5","D12S391","18","21"
"Example_5","D2S1338","17","18"
"Example_6","D3S1358","15","17"
"Example_6","vWA","17","18"
"Example_6","D16S539","10","11"
"Example_6","CSF1PO","11","11"
"Example_6","TPOX","8","8"
"Example_6","Yindel","2",""
"Example_6","AMEL","X","Y"
"Example_6","D8S1179","12","13"
"Example_6","D21S11","33.2","33.2"
"Example_6","D18S51","14","14"
"Example_6","DYS391","10",""
"Example_6","D2S441","10","13"
"Example_6","D19S433","14","14"
"Example_6","TH01","9","9"
"Example_6","FGA","21","23"
"Example_6","D22S1045","15","17"
"Example_6","D5S818","10","13"
"Example_6","D13S317","8","12"
"Example_6","D7S820","11","12"
"Example_6","SE33","18","28.2"
"Example_6","D10S1248","12","14"
"Example_6","D1S1656","16","16"
"Example_6","D12S391","17","19"
"Example_6","D2S1338","20","23"
"Example_7","D3S1358","16","16"
"Example_7","vWA","16","17"
"Example_7","D16S539","9","13"
"Example_7","CSF1PO","10","12"
"Example_7","TPOX","8","10"
"Example_7","Yindel","1",""
"Example_7","AMEL","X","Y"
"Example_7","D8S1179","14","15"
"Example_7","D21S11","28","30"
"Example_7","D18S51","13","16"
"Example_7","DYS391","10",""
"Example_7","D2S441","11","12"
"Example_7","D19S433","14","14"
"Example_7","TH01","6","6"
"Example_7","FGA","23","25"
"Example_7","D22S1045","17","19"
"Example_7","D5S818","11","13"
"Example_7","D13S317","8","8"
"Example_7","D7S820","11","13"
"Example_7","SE33","19","28.2"
"Example_7","D10S1248","13","13"
"Example_7","D1S1656","13","17.3"
"Example_7","D12S391","20","23"
"Example_7","D2S1338","17","19"
"Example_8","D3S1358","15","17"
"Example_8","vWA","14","19"
"Example_8","D16S539","12","12"
"Example_8","CSF1PO","12","13"
"Example_8","TPOX","8","11"
"Example_8","Yindel","2",""
"Example_8","AMEL","X","Y"
"Example_8","D8S1179","15","16"
"Example_8","D21S11","29","30"
"Example_8","D18S51","13","14"
"Example_8","DYS391","10",""
"Example_8","D2S441","11","14"
"Example_8","D19S433","13","15.2"
"Example_8","TH01","6","9"
"Example_8","FGA","21","22"
"Example_8","D22S1045","11","11"
"Example_8","D5S818","11","13"
"Example_8","D13S317","8","11"
"Example_8","D7S820","8","13"
"Example_8","SE33","17","30.2"
"Example_8","D10S1248","13","17"
"Example_8","D1S1656","16","17"
"Example_8","D12S391","18","20"
"Example_8","D2S1338","19","20"
"Example_9","D3S1358","15","17"
"Example_9","vWA","16","17"
"Example_9","D16S539","9","10"
"Example_9","CSF1PO","11","11"
"Example_9","TPOX","8","11"
"Example_9","Yindel","2",""
"Example_9","AMEL","X","Y"
"Example_9","D8S1179","15","15"
"Example_9","D21S11","30","30"
"Example_9","D18S51","14","23"
"Example_9","DYS391","10",""
"Example_9","D2S441","10","11"
"Example_9","D19S433","13","14.2"
"Example_9","TH01","7","9"
"Example_9","FGA","22","23"
"Example_9","D22S1045","11","16"
"Example_9","D5S818","11","13"
"Example_9","D13S317","12","13"
"Example_9","D7S820","11","11"
"Example_9","SE33","21","21"
"Example_9","D10S1248","13","14"
"Example_9","D1S1656","17","18.3"
"Example_9","D12S391","18","23"
"Example_9","D2S1338","18","18"
"Example_10","D3S1358","17","18"
"Example_10","vWA","14","17"
"Example_10","D16S539","10","12"
"Example_10","CSF1PO","12","12"
"Example_10","TPOX","8","11"
"Example_10","Yindel","2",""
"Example_10","AMEL","X","Y"
"Example_10","D8S1179","13","16"
"Example_10","D21S11","29","30"
"Example_10","D18S51","16","20"
"Example_10","DYS391","10",""
"Example_10","D2S441","11","12"
"Example_10","D19S433","13","14"
"Example_10","TH01","6","7"
"Example_10","FGA","20","24"
"Example_10","D22S1045","11","11"
"Example_10","D5S818","12","13"
"Example_10","D13S317","11","11"
"Example_10","D7S820","10","15"
"Example_10","SE33","28.2","29.2"
"Example_10","D10S1248","13","14"
"Example_10","D1S1656","16","17.3"
"Example_10","D12S391","20","21"
"Example_10","D2S1338","19","24"
"Example_11","D3S1358","15","16"
"Example_11","vWA","14","18"
"Example_11","D16S539","10","11"
"Example_11","CSF1PO","9","12"
"Example_11","TPOX","8","11"
"Example_11","Yindel","1",""
"Example_11","AMEL","X","Y"
"Example_11","D8S1179","10","11"
"Example_11","D21S11","29","30"
"Example_11","D18S51","13","14"
"Example_11","DYS391","10",""
"Example_11","D2S441","12","14"
"Example_11","D19S433","12","14"
"Example_11","TH01","9","9"
"Example_11","FGA","24","27"
"Example_11","D22S1045","15","17"
"Example_11","D5S818","10","10"
"Example_11","D13S317","10","11"
"Example_11","D7S820","8","12"
"Example_11","SE33","23.2","27.2"
"Example_11","D10S1248","13","15"
"Example_11","D1S1656","18.3","18.3"
"Example_11","D12S391","17","20"
"Example_11","D2S1338","18","20"
"Example_12","D3S1358","15","17"
"Example_12","vWA","17","17"
"Example_12","D16S539","9","12"
"Example_12","CSF1PO","11","12"
"Example_12","TPOX","8","9"
"Example_12","Yindel","1",""
"Example_12","AMEL","X","Y"
"Example_12","D8S1179","15","16"
"Example_12","D21S11","28","30"
"Example_12","D18S51","13","15"
"Example_12","DYS391","10",""
"Example_12","D2S441","10","12"
"Example_12","D19S433","14","14"
"Example_12","TH01","6","9"
"Example_12","FGA","22","24"
"Example_12","D22S1045","16","16"
"Example_12","D5S818","9","11"
"Example_12","D13S317","8","10"
"Example_12","D7S820","10","11"
"Example_12","SE33","20","29.2"
"Example_12","D10S1248","13","13"
"Example_12","D1S1656","15","18.3"
"Example_12","D12S391","18","20"
"Example_12","D2S1338","21","23"
"Example_13","D3S1358","15","16"
"Example_13","vWA","18","18"
"Example_13","D16S539","9","10"
"Example_13","CSF1PO","10","12"
"Example_13","TPOX","8","8"
"Example_13","Yindel","2",""
"Example_13","AMEL","X","Y"
"Example_13","D8S1179","10","13"
"Example_13","D21S11","32.2","32.2"
"Example_13","D18S51","14","18"
"Example_13","DYS391","10",""
"Example_13","D2S441","11","13"
"Example_13","D19S433","12","14"
"Example_13","TH01","6","9"
"Example_13","FGA","21","23"
"Example_13","D22S1045","11","16"
"Example_13","D5S818","9","13"
"Example_13","D13S317","8","9"
"Example_13","D7S820","11","11"
"Example_13","SE33","24.2","27.2"
"Example_13","D10S1248","12","14"
"Example_13","D1S1656","17","18.3"
"Example_13","D12S391","19","21"
"Example_13","D2S1338","18","19"
"Example_14","D3S1358","16","17"
"Example_14","vWA","16","17"
"Example_14","D16S539","9","12"
"Example_14","CSF1PO","11","12"
"Example_14","TPOX","8","11"
"Example_14","Yindel","2",""
"Example_14","AMEL","X","Y"
"Example_14","D8S1179","13","14"
"Example_14","D21S11","30","30"
"Example_14","D18S51","13","17"
"Example_14","DYS391","10",""
"Example_14","D2S441","10","12"
"Example_14","D19S433","13.2","14.2"
"Example_14","TH01","6","9.3"
"Example_14","FGA","24","27"
"Example_14","D22S1045","15","16"
"Example_14","D5S818","9","11"
"Example_14","D13S317","8","10"
"Example_14","D7S820","10","10"
"Example_14","SE33","20","32.2"
"Example_14","D10S1248","13","13"
"Example_14","D1S1656","16","17.3"
"Example_14","D12S391","17","19"
"Example_14","D2S1338","19","19"
"Example_15","D3S1358","15","16"
"Example_15","vWA","17","19"
"Example_15","D16S539","9","10"
"Example_15","CSF1PO","10","12"
"Example_15","TPOX","8","11"
"Example_15","Yindel","1",""
"Example_15","AMEL","X","Y"
"Example_15","D8S1179","11","16"
"Example_15","D21S11","30","30"
"Example_15","D18S51","13","18"
"Example_15","DYS391","10",""
"Example_15","D2S441","10","10"
"Example_15","D19S433","14","15.2"
"Example_15","TH01","6","9"
"Example_15","FGA","21","24"
"Example_15","D22S1045","11","11"
"Example_15","D5S818","13","13"
"Example_15","D13S317","10","12"
"Example_15","D7S820","12","12"
"Example_15","SE33","25.2","29.2"
"Example_15","D10S1248","12","13"
"Example_15","D1S1656","14","16"
"Example_15","D12S391","18","18"
"Example_15","D2S1338","17","17"
"Example_16","D3S1358","17","19"
"Example_16","vWA","17","18"
"Example_16","D16S539","12","12"
"Example_16","CSF1PO","11","12"
"Example_16","TPOX","8","8"
"Example_16","Yindel","1",""
"Example_16","AMEL","X","Y"
"Example_16","D8S1179","12","14"
"Example_16","D21S11","29","30"
"Example_16","D18S51","14","16"
"Example_16","DYS391","11",""
"Example_16","D2S441","10","11"
"Example_16","D19S433","13","13"
"Example_16","TH01","6","10"
"Example_16","FGA","24","25"
"Example_16","D22S1045","11","17"
"Example_16","D5S818","10","10"
"Example_16","D13S317","8","12"
"Example_16","D7S820","10","12"
"Example_16","SE33","25.2","26.2"
"Example_16","D10S1248","13","15"
"Example_16","D1S1656","14","15"
"Example_16","D12S391","19","20"
"Example_16","D2S1338","19","23"
"Example_17","D3S1358","16","17"
"Example_17","vWA","16","16"
"Example_17","D16S539","11","13"
"Example_17","CSF1PO","9","10"
"Example_17","TPOX","8","11"
"Example_17","Yindel","1",""
"Example_17","AMEL","X","Y"
"Example_17","D8S1179","14","15"
"Example_17","D21S11","29","30"
"Example_17","D18S51","15","20"
"Example_17","DYS391","10",""
"Example_17","D2S441","10","11"
"Example_17","D19S433","13","14"
"Example_17","TH01","7","9"
"Example_17","FGA","21","22"
"Example_17","D22S1045","11","15"
"Example_17","D5S818","13","13"
"Example_17","D13S317","10","11"
"Example_17","D7S820","11","13"
"Example_17","SE33","19","20"
"Example_17","D10S1248","13","13"
"Example_17","D1S1656","16","17.3"
"Example_17","D12S391","19","19"
"Example_17","D2S1338","22","22"
"Example_18","D3S1358","15","16"
"Example_18","vWA","16","21"
"Example_18","D16S539","10","12"
"Example_18","CSF1PO","10","12"
"Example_18","TPOX","8","11"
"Example_18","Yindel","1",""
"Example_18","AMEL","X","Y"
"Example_18","D8S1179","11","15"
"Example_18","D21S11","29","30"
"Example_18","D18S51","14","17"
"Example_18","DYS391","10",""
"Example_18","D2S441","10","11"
"Example_18","D19S433","15","15.2"
"Example_18","TH01","6","9"
"Example_18","FGA","22","25"
"Example_18","D22S1045","16","17"
"Example_18","D5S818","10","13"
"Example_18","D13S317","12","13"
"Example_18","D7S820","7","10"
"Example_18","SE33","25.2","25.2"
"Example_18","D10S1248","13","15"
"Example_18","D1S1656","16","17"
"Example_18","D12S391","18","21"
"Example_18","D2S1338","19","22"
"Example_19","D3S1358","16","17"
"Example_19","vWA","14","18"
"Example_19","D16S539","10","11"
"Example_19","CSF1PO","9","12"
"Example_19","TPOX","11","11"
"Example_19","Yindel","2",""
"Example_19","AMEL","X","Y"
"Example_19","D8S1179","14","15"
"Example_19","D21S11","30","31.2"
"Example_19","D18S51","13","17"
"Example_19","DYS391","10",""
"Example_19","D2S441","10","13"
"Example_19","D19S433","13","16"
"Example_19","TH01","6","9"
"Example_19","FGA","19","23"
"Example_19","D22S1045","11","17"
"Example_19","D5S818","11","13"
"Example_19","D13S317","8","12"
"Example_19","D7S820","8","10"
"Example_19","SE33","28.2","31.2"
"Example_19","D10S1248","13","13"
"Example_19","D1S1656","17","17.3"
"Example_19","D12S391","19.3","21"
"Example_19","D2S1338","19","20"
"Example_20","D3S1358","16","17"
"Example_20","vWA","16","17"
"Example_20","D16S539","10","11"
"Example_20","CSF1PO","11","12"
"Example_20","TPOX","9","11"
"Example_20","Yindel","1",""
"Example_20","AMEL","X","Y"
"Example_20","D8S1179","12","12"
"Example_20","D21S11","31.2","33"
"Example_20","D18S51","17","21"
"Example_20","DYS391","10",""
"Example_20","D2S441","9.1","11"
"Example_20","D19S433","14","14.2"
"Example_20","TH01","7","9.3"
"Example_20","FGA","21","23"
"Example_20","D22S1045","14","15"
"Example_20","D5S818","12","13"
"Example_20","D13S317","9","11"
"Example_20","D7S820","8","12"
"Example_20","SE33","22.2","24.2"
"Example_20","D10S1248","12","13"
"Example_20","D1S1656","17","17.3"
"Example_20","D12S391","16","19"
"Example_20","D2S1338","17","19"
"Example_21","D3S1358","15","16"
"Example_21","vWA","16","17"
"Example_21","D16S539","9","12"
"Example_21","CSF1PO","10","11"
"Example_21","TPOX","8","8"
"Example_21","Yindel","1",""
"Example_21","AMEL","X","Y"
"Example_21","D8S1179","11","11"
"Example_21","D21S11","30","30"
"Example_21","D18S51","14","15"
"Example_21","DYS391","10",""
"Example_21","D2S441","12","12"
"Example_21","D19S433","12","14"
"Example_21","TH01","9","9.3"
"Example_21","FGA","19","21"
"Example_21","D22S1045","16","16"
"Example_21","D5S818","8","12"
"Example_21","D13S317","8","9"
"Example_21","D7S820","10","13"
"Example_21","SE33","24.2","28.2"
"Example_21","D10S1248","13","15"
"Example_21","D1S1656","15","16"
"Example_21","D12S391","18","25"
"Example_21","D2S1338","19","25"
"Example_22","D3S1358","15","17"
"Example_22","vWA","16","18"
"Example_22","D16S539","10","10"
"Example_22","CSF1PO","10","12"
"Example_22","TPOX","8","8"
"Example_22","Yindel","1",""
"Example_22","AMEL","X","Y"
"Example_22","D8S1179","13","14"
"Example_22","D21S11","31","31.2"
"Example_22","D18S51","16","17"
"Example_22","DYS391","10",""
"Example_22","D2S441","11","11"
"Example_22","D19S433","14","14"
"Example_22","TH01","9","9"
"Example_22","FGA","22","26"
"Example_22","D22S1045","15","17"
"Example_22","D5S818","11","11"
"Example_22","D13S317","10","10"
"Example_22","D7S820","9","10"
"Example_22","SE33","18","27.2"
"Example_22","D10S1248","14","15"
"Example_22","D1S1656","15","16"
"Example_22","D12S391","20","20"
"Example_22","D2S1338","18","19"
"Example_23","D3S1358","16","17"
"Example_23","vWA","17","18"
"Example_23","D16S539","10","13"
"Example_23","CSF1PO","11","12"
"Example_23","TPOX","8","11"
"Example_23","Yindel","1",""
"Example_23","AMEL","X","Y"
"Example_23","D8S1179","12","16"
"Example_23","D21S11","28.2","29"
"Example_23","D18S51","14","17"
"Example_23","DYS391","10",""
"Example_23","D2S441","10","12"
"Example_23","D19S433","14","14"
"Example_23","TH01","9","9"
"Example_23","FGA","23","24"
"Example_23","D22S1045","17","18"
"Example_23","D5S818","11","12"
"Example_23","D13S317","10","10"
"Example_23","D7S820","10","12"
"Example_23","SE33","24.2","29.2"
"Example_23","D10S1248","14","16"
"Example_23","D1S1656","13","16"
"Example_23","D12S391","19","19"
"Example_23","D2S1338","19","23"
"Example_24","D3S1358","18","19"
"Example_24","vWA","17","20"
"Example_24","D16S539","9","12"
"Example_24","CSF1PO","11","12"
"Example_24","TPOX","8","11"
"Example_24","Yindel","1",""
"Example_24","AMEL","X","Y"
"Example_24","D8S1179","13","17"
"Example_24","D21S11","31.2","31.2"
"Example_24","D18S51","14","18"
"Example_24","DYS391","10",""
"Example_24","D2S441","10","10"
"Example_24","D19S433","14","15.2"
"Example_24","TH01","9","9.3"
"Example_24","FGA","20","23"
"Example_24","D22S1045","16","17"
"Example_24","D5S818","10","11"
"Example_24","D13S317","9","11"
"Example_24","D7S820","10","13"
"Example_24","SE33","29.2","29.2"
"Example_24","D10S1248","13","14"
"Example_24","D1S1656","15","18.3"
"Example_24","D12S391","17","19"
"Example_24","D2S1338","18","25"
"Example_25","D3S1358","15","15"
"Example_25","vWA","14","17"
"Example_25","D16S539","10","11"
"Example_25","CSF1PO","12","13"
"Example_25","TPOX","8","8"
"Example_25","Yindel","1",""
"Example_25","AMEL","X","Y"
"Example_25","D8S1179","10","12"
"Example_25","D21S11","30","32.2"
"Example_25","D18S51","12","17"
"Example_25","DYS391","10",""
"Example_25","D2S441","12","12"
"Example_25","D19S433","14","14"
"Example_25","TH01","7","8"
"Example_25","FGA","19","23"
"Example_25","D22S1045","16","18"
"Example_25","D5S818","12","14"
"Example_25","D13S317","11","12"
"Example_25","D7S820","10","12"
"Example_25","SE33","18","25.2"
"Example_25","D10S1248","13","14"
"Example_25","D1S1656","16","18.3"
"Example_25","D12S391","19","20"
"Example_25","D2S1338","17","23"
"Example_26","D3S1358","15","17"
"Example_26","vWA","14","17"
"Example_26","D16S539","10","11"
"Example_26","CSF1PO","12","13"
"Example_26","TPOX","8","9"
"Example_26","Yindel","1",""
"Example_26","AMEL","X","Y"
"Example_26","D8S1179","10","15"
"Example_26","D21S11","32.2","32.2"
"Example_26","D18S51","13","15"
"Example_26","DYS391","10",""
"Example_26","D2S441","10","12"
"Example_26","D19S433","14","15.2"
"Example_26","TH01","6","7"
"Example_26","FGA","20","24"
"Example_26","D22S1045","15","16"
"Example_26","D5S818","10","12"
"Example_26","D13S317","8","9"
"Example_26","D7S820","8","12"
"Example_26","SE33","22","29.2"
"Example_26","D10S1248","13","14"
"Example_26","D1S1656","17","17.3"
"Example_26","D12S391","18","20"
"Example_26","D2S1338","18","24"
"Example_27","D3S1358","16","17"
"Example_27","vWA","14","16"
"Example_27","D16S539","9","9"
"Example_27","CSF1PO","10","10"
"Example_27","TPOX","9","11"
"Example_27","Yindel","1",""
"Example_27","AMEL","X","Y"
"Example_27","D8S1179","10","13"
"Example_27","D21S11","29","33.2"
"Example_27","D18S51","15","18"
"Example_27","DYS391","10",""
"Example_27","D2S441","12","13"
"Example_27","D19S433","13","14"
"Example_27","TH01","7","9"
"Example_27","FGA","21","22"
"Example_27","D22S1045","15","16"
"Example_27","D5S818","10","11"
"Example_27","D13S317","8","13"
"Example_27","D7S820","10","11"
"Example_27","SE33","20.2","21"
"Example_27","D10S1248","13","14"
"Example_27","D1S1656","14","16"
"Example_27","D12S391","17","24"
"Example_27","D2S1338","17","25"
"Example_28","D3S1358","14","17"
"Example_28","vWA","14","18"
"Example_28","D16S539","9","12"
"Example_28","CSF1PO","12","12"
"Example_28","TPOX","11","11"
"Example_28","Yindel","1",""
"Example_28","AMEL","X","Y"
"Example_28","D8S1179","14","15"
"Example_28","D21S11","30","30"
"Example_28","D18S51","15","16"
"Example_28","DYS391","10",""
"Example_28","D2S441","11","11"
"Example_28","D19S433","13","14"
"Example_28","TH01","9","10"
"Example_28","FGA","22","24"
"Example_28","D22S1045","15","16"
"Example_28","D5S818","9","13"
"Example_28","D13S317","11","12"
"Example_28","D7S820","11","12"
"Example_28","SE33","20","21"
"Example_28","D10S1248","15","16"
"Example_28","D1S1656","14","16"
"Example_28","D12S391","15","21"
"Example_28","D2S1338","18","20"
"Example_29","D3S1358","16","16"
"Example_29","vWA","17","19"
"Example_29","D16S539","9","11"
"Example_29","CSF1PO","12","12"
"Example_29","TPOX","11","11"
"Example_29","Yindel","1",""
"Example_29","AMEL","X","Y"
"Example_29","D8S1179","11","15"
"Example_29","D21S11","29","31"
"Example_29","D18S51","14","15"
"Example_29","DYS391","10",""
"Example_29","D2S441","10","12"
"Example_29","D19S433","13","14"
"Example_29","TH01","6","9"
"Example_29","FGA","22","22"
"Example_29","D22S1045","11","15"
"Example_29","D5S818","12","13"
"Example_29","D13S317","8","11"
"Example_29","D7S820","8","11"
"Example_29","SE33","27.2","29.2"
"Example_29","D10S1248","12","14"
"Example_29","D1S1656","11","18"
"Example_29","D12S391","20","20"
"Example_29","D2S1338","18","19"
"Example_30","D3S1358","16","16"
"Example_30","vWA","17","19"
"Example_30","D16S539","9","12"
"Example_30","CSF1PO","10","11"
"Example_30","TPOX","8","9"
"Example_30","Yindel","1",""
"Example_30","AMEL","X","Y"
"Example_30","D8S1179","10","15"
"Example_30","D21S11","32.2","32.2"
"Example_30","D18S51","13","13"
"Example_30","DYS391","10",""
"Example_30","D2S441","10","11"
"Example_30","D19S433","14","14"
"Example_30","TH01","7","9"
"Example_30","FGA","19","25"
"Example_30","D22S1045","15","16"
"Example_30","D5S818","11","12"
"Example_30","D13S317","8","12"
"Example_30","D7S820","10","11"
"Example_30","SE33","26.2","29.2"
"Example_30","D10S1248","13","14"
"Example_30","D1S1656","14","16"
"Example_30","D12S391","18","22"
"Example_30","D2S1338","18","24"
"Example_31","D3S1358","15","15"
"Example_31","vWA","18","18"
"Example_31","D16S539","10","12"
"Example_31","CSF1PO","13","13"
"Example_31","TPOX","8","9"
"Example_31","Yindel","1",""
"Example_31","AMEL","X","Y"
"Example_31","D8S1179","11","13"
"Example_31","D21S11","30","32.2"
"Example_31","D18S51","13","14"
"Example_31","DYS391","10",""
"Example_31","D2S441","11","11"
"Example_31","D19S433","13","14"
"Example_31","TH01","9","9"
"Example_31","FGA","22","24"
"Example_31","D22S1045","15","17"
"Example_31","D5S818","12","13"
"Example_31","D13S317","10","11"
"Example_31","D7S820","8","10"
"Example_31","SE33","16","28.2"
"Example_31","D10S1248","13","13"
"Example_31","D1S1656","15","18.3"
"Example_31","D12S391","18","26"
"Example_31","D2S1338","20","25"
"Example_32","D3S1358","15","16"
"Example_32","vWA","17","18"
"Example_32","D16S539","10","12"
"Example_32","CSF1PO","10","12"
"Example_32","TPOX","8","11"
"Example_32","Yindel","1",""
"Example_32","AMEL","X","Y"
"Example_32","D8S1179","10","12"
"Example_32","D21S11","29","33.2"
"Example_32","D18S51","12","14"
"Example_32","DYS391","10",""
"Example_32","D2S441","10","11"
"Example_32","D19S433","14","14"
"Example_32","TH01","6","9"
"Example_32","FGA","22","26"
"Example_32","D22S1045","17","17"
"Example_32","D5S818","11","12"
"Example_32","D13S317","10","13"
"Example_32","D7S820","8","11"
"Example_32","SE33","17","19"
"Example_32","D10S1248","11","14"
"Example_32","D1S1656","12","17"
"Example_32","D12S391","19","19"
"Example_32","D2S1338","17","17"
"Example_33","D3S1358","16","17"
"Example_33","vWA","16","16"
"Example_33","D16S539","12","13"
"Example_33","CSF1PO","11","13"
"Example_33","TPOX","11","11"
"Example_33","Yindel","1",""
"Example_33","AMEL","X","Y"
"Example_33","D8S1179","12","14"
"Example_33","D21S11","28","30"
"Example_33","D18S51","14","17"
"Example_33","DYS391","10",""
"Example_33","D2S441","11","11"
"Example_33","D19S433","11","13"
"Example_33","TH01","7","8"
"Example_33","FGA","21","22"
"Example_33","D22S1045","15","17"
"Example_33","D5S818","13","13"
"Example_33","D13S317","9","10"
"Example_33","D7S820","8","11"
"Example_33","SE33","24.2","24.2"
"Example_33","D10S1248","12","14"
"Example_33","D1S1656","16","17.3"
"Example_33","D12S391","18","24"
"Example_33","D2S1338","18","19"
"Example_34","D3S1358","17","18"
"Example_34","vWA","14","17"
"Example_34","D16S539","9","9"
"Example_34","CSF1PO","12","12"
"Example_34","TPOX","8","10"
"Example_34","Yindel","1",""
"Example_34","AMEL","X","Y"
"Example_34","D8S1179","13","14"
"Example_34","D21S11","30","31"
"Example_34","D18S51","14","15"
"Example_34","DYS391","10",""
"Example_34","D2S441","10","11"
"Example_34","D19S433","14","14.2"
"Example_34","TH01","6","6"
"Example_34","FGA","23","23"
"Example_34","D22S1045","11","17"
"Example_34","D5S818","12","13"
"Example_34","D13S317","11","12"
"Example_34","D7S820","10","13"
"Example_34","SE33","27.2","27.2"
"Example_34","D10S1248","13","13"
"Example_34","D1S1656","15","17.3"
"Example_34","D12S391","18","19"
"Example_34","D2S1338","24","27"
"Example_35","D3S1358","15","17"
"Example_35","vWA","17","19"
"Example_35","D16S539","9","9"
"Example_35","CSF1PO","12","12"
"Example_35","TPOX","11","11"
"Example_35","Yindel","1",""
"Example_35","AMEL","X","Y"
"Example_35","D8S1179","10","11"
"Example_35","D21S11","29","31"
"Example_35","D18S51","13","16"
"Example_35","DYS391","10",""
"Example_35","D2S441","10","11"
"Example_35","D19S433","13","13"
"Example_35","TH01","7","9"
"Example_35","FGA","19","22"
"Example_35","D22S1045","11","16"
"Example_35","D5S818","9","11"
"Example_35","D13S317","8","10"
"Example_35","D7S820","11","12"
"Example_35","SE33","26.2","27.2"
"Example_35","D10S1248","12","16"
"Example_35","D1S1656","14","16"
"Example_35","D12S391","18","19"
"Example_35","D2S1338","18","19"
"Example_36","D3S1358","16","17"
"Example_36","vWA","16","17"
"Example_36","D16S539","9","12"
"Example_36","CSF1PO","10","12"
"Example_36","TPOX","9","11"
"Example_36","Yindel","1",""
"Example_36","AMEL","X","Y"
"Example_36","D8S1179","13","14"
"Example_36","D21S11","31.2","32.2"
"Example_36","D18S51","13","15"
"Example_36","DYS391","8",""
"Example_36","D2S441","11","14"
"Example_36","D19S433","13","14"
"Example_36","TH01","9","9"
"Example_36","FGA","24","26"
"Example_36","D22S1045","15","16"
"Example_36","D5S818","10","12"
"Example_36","D13S317","9","10"
"Example_36","D7S820","11","12"
"Example_36","SE33","14","20"
"Example_36","D10S1248","12","12"
"Example_36","D1S1656","13","17.3"
"Example_36","D12S391","20","20"
"Example_36","D2S1338","17","23"
"Example_37","D3S1358","16","17"
"Example_37","vWA","18","22"
"Example_37","D16S539","9","11"
"Example_37","CSF1PO","12","12"
"Example_37","TPOX","9","9"
"Example_37","Yindel","1",""
"Example_37","AMEL","X","Y"
"Example_37","D8S1179","10","14"
"Example_37","D21S11","29","29"
"Example_37","D18S51","13","14"
"Example_37","DYS391","10",""
"Example_37","D2S441","11","14"
"Example_37","D19S433","15.2","16.2"
"Example_37","TH01","8","9"
"Example_37","FGA","19","23"
"Example_37","D22S1045","15","17"
"Example_37","D5S818","9","12"
"Example_37","D13S317","10","11"
"Example_37","D7S820","9","11"
"Example_37","SE33","21","26.2"
"Example_37","D10S1248","13","16"
"Example_37","D1S1656","13","16"
"Example_37","D12S391","18","21"
"Example_37","D2S1338","18","23"
"Example_38","D3S1358","16","16"
"Example_38","vWA","17","18"
"Example_38","D16S539","9","12"
"Example_38","CSF1PO","11","12"
"Example_38","TPOX","8","11"
"Example_38","Yindel","1",""
"Example_38","AMEL","X","Y"
"Example_38","D8S1179","15","15"
"Example_38","D21S11","30","33"
"Example_38","D18S51","19","21"
"Example_38","DYS391","10",""
"Example_38","D2S441","9.1","10"
"Example_38","D19S433","13","13"
"Example_38","TH01","7","9"
"Example_38","FGA","23","24"
"Example_38","D22S1045","15","17"
"Example_38","D5S818","11","13"
"Example_38","D13S317","11","12"
"Example_38","D7S820","10","12"
"Example_38","SE33","21.2","32.2"
"Example_38","D10S1248","12","13"
"Example_38","D1S1656","14","15"
"Example_38","D12S391","17","21"
"Example_38","D2S1338","24","24"
"Example_39","D3S1358","16","17"
"Example_39","vWA","17","19"
"Example_39","D16S539","12","13"
"Example_39","CSF1PO","12","12"
"Example_39","TPOX","8","11"
"Example_39","Yindel","2",""
"Example_39","AMEL","X","Y"
"Example_39","D8S1179","13","14"
"Example_39","D21S11","30","32"
"Example_39","D18S51","14","20"
"Example_39","DYS391","10",""
"Example_39","D2S441","9.1","10"
"Example_39","D19S433","13","14"
"Example_39","TH01","9","9"
"Example_39","FGA","24","24"
"Example_39","D22S1045","11","17"
"Example_39","D5S818","11","12"
"Example_39","D13S317","8","8"
"Example_39","D7S820","10","11"
"Example_39","SE33","20","34.2"
"Example_39","D10S1248","14","14"
"Example_39","D1S1656","14","18.3"
"Example_39","D12S391","18","19"
"Example_39","D2S1338","18","24"
"Example_40","D3S1358","16","17"
"Example_40","vWA","16","18"
"Example_40","D16S539","10","10"
"Example_40","CSF1PO","10","10"
"Example_40","TPOX","8","11"
"Example_40","Yindel","1",""
"Example_40","AMEL","X","Y"
"Example_40","D8S1179","10","14"
"Example_40","D21S11","29","30"
"Example_40","D18S51","16","17"
"Example_40","DYS391","10",""
"Example_40","D2S441","11","11"
"Example_40","D19S433","14","15.2"
"Example_40","TH01","8","9"
"Example_40","FGA","21","26"
"Example_40","D22S1045","15","15"
"Example_40","D5S818","12","13"
"Example_40","D13S317","9","12"
"Example_40","D7S820","10","12"
"Example_40","SE33","28.2","30.2"
"Example_40","D10S1248","13","14"
"Example_40","D1S1656","16","16"
"Example_40","D12S391","18","21"
"Example_40","D2S1338","19","25"
"Example_41","D3S1358","15","15"
"Example_41","vWA","17","18"
"Example_41","D16S539","10","13"
"Example_41","CSF1PO","11","12"
"Example_41","TPOX","8","11"
"Example_41","Yindel","2",""
"Example_41","AMEL","X","Y"
"Example_41","D8S1179","13","15"
"Example_41","D21S11","29","30"
"Example_41","D18S51","12","15"
"Example_41","DYS391","10",""
"Example_41","D2S441","10","10"
"Example_41","D19S433","12","14"
"Example_41","TH01","9.3","9.3"
"Example_41","FGA","26","27"
"Example_41","D22S1045","16","16"
"Example_41","D5S818","9","12"
"Example_41","D13S317","10","11"
"Example_41","D7S820","10","10"
"Example_41","SE33","28.2","29.2"
"Example_41","D10S1248","13","13"
"Example_41","D1S1656","15","17.3"
"Example_41","D12S391","19","19"
"Example_41","D2S1338","19","22"
"Example_42","D3S1358","17","17"
"Example_42","vWA","14","18"
"Example_42","D16S539","9","9"
"Example_42","CSF1PO","11","13"
"Example_42","TPOX","11","11"
"Example_42","Yindel","1",""
"Example_42","AMEL","X","Y"
"Example_42","D8S1179","14","15"
"Example_42","D21S11","32","32.2"
"Example_42","D18S51","13","13"
"Example_42","DYS391","10",""
"Example_42","D2S441","11","14"
"Example_42","D19S433","13","15.2"
"Example_42","TH01","6","7"
"Example_42","FGA","20","23"
"Example_42","D22S1045","16","16"
"Example_42","D5S818","9","10"
"Example_42","D13S317","11","12"
"Example_42","D7S820","10","11"
"Example_42","SE33","19","20"
"Example_42","D10S1248","12","15"
"Example_42","D1S1656","15","15.3"
"Example_42","D12S391","18","18"
"Example_42","D2S1338","19","25"
"Example_43","D3S1358","15","16"
"Example_43","vWA","18","19"
"Example_43","D16S539","10","12"
"Example_43","CSF1PO","12","12"
"Example_43","TPOX","8","13"
"Example_43","Yindel","2",""
"Example_43","AMEL","X","Y"
"Example_43","D8S1179","13","15"
"Example_43","D21S11","29","30"
"Example_43","D18S51","14","18"
"Example_43","DYS391","10",""
"Example_43","D2S441","12","12"
"Example_43","D19S433","11","14"
"Example_43","TH01","9","9"
"Example_43","FGA","22","23"
"Example_43","D22S1045","15","16"
"Example_43","D5S818","11","13"
"Example_43","D13S317","9","11"
"Example_43","D7S820","7","8"
"Example_43","SE33","19","25.2"
"Example_43","D10S1248","15","15"
"Example_43","D1S1656","14","17"
"Example_43","D12S391","17","19"
"Example_43","D2S1338","19","24"
"Example_44","D3S1358","14","16"
"Example_44","vWA","16","17"
"Example_44","D16S539","9","10"
"Example_44","CSF1PO","11","12"
"Example_44","TPOX","8","9"
"Example_44","Yindel","2",""
"Example_44","AMEL","X","Y"
"Example_44","D8S1179","10","15"
"Example_44","D21S11","29","31"
"Example_44","D18S51","14","15"
"Example_44","DYS391","10",""
"Example_44","D2S441","11","12"
"Example_44","D19S433","14.2","14.2"
"Example_44","TH01","8","8"
"Example_44","FGA","22","23"
"Example_44","D22S1045","15","16"
"Example_44","D5S818","10","12"
"Example_44","D13S317","10","11"
"Example_44","D7S820","11","12"
"Example_44","SE33","19","25.2"
"Example_44","D10S1248","13","17"
"Example_44","D1S1656","16","17"
"Example_44","D12S391","19","24"
"Example_44","D2S1338","20","23"
"Example_45","D3S1358","16","18"
"Example_45","vWA","14","18"
"Example_45","D16S539","9","11"
"Example_45","CSF1PO","12","12"
"Example_45","TPOX","8","11"
"Example_45","Yindel","1",""
"Example_45","AMEL","X","Y"
"Example_45","D8S1179","10","13"
"Example_45","D21S11","31","32.2"
"Example_45","D18S51","13","15"
"Example_45","DYS391","10",""
"Example_45","D2S441","10","11.3"
"Example_45","D19S433","14","14.2"
"Example_45","TH01","9","9.3"
"Example_45","FGA","23","26"
"Example_45","D22S1045","15","16"
"Example_45","D5S818","12","12"
"Example_45","D13S317","8","10"
"Example_45","D7S820","10","12"
"Example_45","SE33","19","20"
"Example_45","D10S1248","13","14"
"Example_45","D1S1656","16","17"
"Example_45","D12S391","18","21.3"
"Example_45","D2S1338","19","24"
"Example_46","D3S1358","15","15"
"Example_46","vWA","16","17"
"Example_46","D16S539","9","12"
"Example_46","CSF1PO","12","12"
"Example_46","TPOX","8","11"
"Example_46","Yindel","1",""
"Example_46","AMEL","X","Y"
"Example_46","D8S1179","11","12"
"Example_46","D21S11","29","31.2"
"Example_46","D18S51","18","19"
"Example_46","DYS391","10",""
"Example_46","D2S441","9.1","12"
"Example_46","D19S433","11.2","15.2"
"Example_46","TH01","6","9"
"Example_46","FGA","20","21"
"Example_46","D22S1045","16","17"
"Example_46","D5S818","9","10"
"Example_46","D13S317","9","10"
"Example_46","D7S820","11","11"
"Example_46","SE33","26.2","27.2"
"Example_46","D10S1248","16","17"
"Example_46","D1S1656","14","16"
"Example_46","D12S391","18","20"
"Example_46","D2S1338","17","18"
"Example_47","D3S1358","15","15"
"Example_47","vWA","16","17"
"Example_47","D16S539","10","11"
"Example_47","CSF1PO","7","13"
"Example_47","TPOX","8","11"
"Example_47","Yindel","2",""
"Example_47","AMEL","X","Y"
"Example_47","D8S1179","12","15"
"Example_47","D21S11","30","30"
"Example_47","D18S51","14","14"
"Example_47","DYS391","10",""
"Example_47","D2S441","10","11"
"Example_47","D19S433","14","14"
"Example_47","TH01","7","9"
"Example_47","FGA","20","24"
"Example_47","D22S1045","11","11"
"Example_47","D5S818","11","12"
"Example_47","D13S317","8","8"
"Example_47","D7S820","10","10"
"Example_47","SE33","22.2","28.2"
"Example_47","D10S1248","15","15"
"Example_47","D1S1656","13","15"
"Example_47","D12S391","18","19"
"Example_47","D2S1338","22","24"
"Example_48","D3S1358","14","15"
"Example_48","vWA","14","18"
"Example_48","D16S539","9","10"
"Example_48","CSF1PO","9","12"
"Example_48","TPOX","8","8"
"Example_48","Yindel","2",""
"Example_48","AMEL","X","Y"
"Example_48","D8S1179","14","14"
"Example_48","D21S11","29","30"
"Example_48","D18S51","19","20"
"Example_48","DYS391","10",""
"Example_48","D2S441","12","14"
"Example_48","D19S433","15","16.2"
"Example_48","TH01","6","8"
"Example_48","FGA","23","25"
"Example_48","D22S1045","15","16"
"Example_48","D5S818","11","13"
"Example_48","D13S317","8","8"
"Example_48","D7S820","11","13"
"Example_48","SE33","22","28.1"
"Example_48","D10S1248","12","16"
"Example_48","D1S1656","16","17.3"
"Example_48","D12S391","15","21"
"Example_48","D2S1338","17","19"
"Example_49","D3S1358","16","18"
"Example_49","vWA","14","17"
"Example_49","D16S539","9","12"
"Example_49","CSF1PO","7","13"
"Example_49","TPOX","8","11"
"Example_49","Yindel","2",""
"Example_49","AMEL","X","Y"
"Example_49","D8S1179","14","15"
"Example_49","D21S11","29","32"
"Example_49","D18S51","14","14"
"Example_49","DYS391","10",""
"Example_49","D2S441","11","12"
"Example_49","D19S433","13","14"
"Example_49","TH01","7","9"
"Example_49","FGA","22","22"
"Example_49","D22S1045","17","18"
"Example_49","D5S818","11","12"
"Example_49","D13S317","11","12"
"Example_49","D7S820","11","12"
"Example_49","SE33","23.2","30.2"
"Example_49","D10S1248","13","14"
"Example_49","D1S1656","12","17.3"
"Example_49","D12S391","20","22"
"Example_49","D2S1338","20","23"
"Example_50","D3S1358","16","17"
"Example_50","vWA","17","17"
"Example_50","D16S539","11","12"
"Example_50","CSF1PO","10","12"
"Example_50","TPOX","8","11"
"Example_50","Yindel","2",""
"Example_50","AMEL","X","Y"
"Example_50","D8S1179","15","15"
"Example_50","D21S11","29","30"
"Example_50","D18S51","14","16"
"Example_50","DYS391","10",""
"Example_50","D2S441","11","15"
"Example_50","D19S433","13","14"
"Example_50","TH01","7","9"
"Example_50","FGA","21","26"
"Example_50","D22S1045","16","16"
"Example_50","D5S818","9","13"
"Example_50","D13S317","11","12"
"Example_50","D7S820","11","12"
"Example_50","SE33","20","29.2"
"Example_50","D10S1248","13","17"
"Example_50","D1S1656","16","18"
"Example_50","D12S391","18","21"
"Example_50","D2S1338","18","19"
"Example_51","D3S1358","15","16"
"Example_51","vWA","14","16"
"Example_51","D16S539","11","12"
"Example_51","CSF1PO","10","10"
"Example_51","TPOX","11","11"
"Example_51","Yindel","2",""
"Example_51","AMEL","X","Y"
"Example_51","D8S1179","13","15"
"Example_51","D21S11","29","30"
"Example_51","D18S51","14","17"
"Example_51","DYS391","10",""
"Example_51","D2S441","9.1","11"
"Example_51","D19S433","13","15"
"Example_51","TH01","9","9"
"Example_51","FGA","21","22"
"Example_51","D22S1045","15","16"
"Example_51","D5S818","10","12"
"Example_51","D13S317","8","9"
"Example_51","D7S820","11","11"
"Example_51","SE33","17","21"
"Example_51","D10S1248","13","13"
"Example_51","D1S1656","15","15"
"Example_51","D12S391","19","20"
"Example_51","D2S1338","17","24"
"Example_52","D3S1358","15","17"
"Example_52","vWA","16","17"
"Example_52","D16S539","9","13"
"Example_52","CSF1PO","10","15"
"Example_52","TPOX","8","11"
"Example_52","Yindel","1",""
"Example_52","AMEL","X","Y"
"Example_52","D8S1179","11","13"
"Example_52","D21S11","29","33.2"
"Example_52","D18S51","15","16"
"Example_52","DYS391","10",""
"Example_52","D2S441","11","14"
"Example_52","D19S433","14","18"
"Example_52","TH01","7","9"
"Example_52","FGA","25","26"
"Example_52","D22S1045","15","16"
"Example_52","D5S818","11","13"
"Example_52","D13S317","11","11"
"Example_52","D7S820","11","12"
"Example_52","SE33","26.2","26.2"
"Example_52","D10S1248","13","17"
"Example_52","D1S1656","15","16"
"Example_52","D12S391","17","19"
"Example_52","D2S1338","16","18"
"Example_53","D3S1358","15","15"
"Example_53","vWA","17","19"
"Example_53","D16S539","9","10"
"Example_53","CSF1PO","10","11"
"Example_53","TPOX","8","8"
"Example_53","Yindel","1",""
"Example_53","AMEL","X","Y"
"Example_53","D8S1179","12","14"
"Example_53","D21S11","29","31"
"Example_53","D18S51","14","16"
"Example_53","DYS391","10",""
"Example_53","D2S441","10","10"
"Example_53","D19S433","13","14"
"Example_53","TH01","6","7"
"Example_53","FGA","23","23"
"Example_53","D22S1045","16","16"
"Example_53","D5S818","9","10"
"Example_53","D13S317","9","10"
"Example_53","D7S820","11","13"
"Example_53","SE33","27.2","31.2"
"Example_53","D10S1248","14","14"
"Example_53","D1S1656","14","15"
"Example_53","D12S391","19","21"
"Example_53","D2S1338","19","23"
"Example_54","D3S1358","16","17"
"Example_54","vWA","14","14"
"Example_54","D16S539","10","12"
"Example_54","CSF1PO","11","12"
"Example_54","TPOX","8","11"
"Example_54","Yindel","2",""
"Example_54","AMEL","X","Y"
"Example_54","D8S1179","15","15"
"Example_54","D21S11","28","30"
"Example_54","D18S51","16","24"
"Example_54","DYS391","10",""
"Example_54","D2S441","11","14"
"Example_54","D19S433","13","14"
"Example_54","TH01","6","9"
"Example_54","FGA","25","25"
"Example_54","D22S1045","17","17"
"Example_54","D5S818","10","11"
"Example_54","D13S317","8","12"
"Example_54","D7S820","8","11"
"Example_54","SE33","26.2","28.2"
"Example_54","D10S1248","13","15"
"Example_54","D1S1656","16","17"
"Example_54","D12S391","19","22"
"Example_54","D2S1338","17","23"
"Example_55","D3S1358","16","17"
"Example_55","vWA","18","19"
"Example_55","D16S539","10","12"
"Example_55","CSF1PO","12","12"
"Example_55","TPOX","9","11"
"Example_55","Yindel","2",""
"Example_55","AMEL","X","Y"
"Example_55","D8S1179","10","15"
"Example_55","D21S11","28","30"
"Example_55","D18S51","23","26"
"Example_55","DYS391","11",""
"Example_55","D2S441","11","11"
"Example_55","D19S433","13","14.2"
"Example_55","TH01","8","9"
"Example_55","FGA","24","24"
"Example_55","D22S1045","16","17"
"Example_55","D5S818","9","11"
"Example_55","D13S317","9","9"
"Example_55","D7S820","9","13"
"Example_55","SE33","23.2","28.2"
"Example_55","D10S1248","13","13"
"Example_55","D1S1656","13","15"
"Example_55","D12S391","18","19"
"Example_55","D2S1338","22","23"
"Example_56","D3S1358","15","17"
"Example_56","vWA","14","17"
"Example_56","D16S539","9","10"
"Example_56","CSF1PO","12","12"
"Example_56","TPOX","8","11"
"Example_56","Yindel","1",""
"Example_56","AMEL","X","Y"
"Example_56","D8S1179","13","13"
"Example_56","D21S11","29","30"
"Example_56","D18S51","14","19"
"Example_56","DYS391","10",""
"Example_56","D2S441","10","11"
"Example_56","D19S433","13","14"
"Example_56","TH01","7","9"
"Example_56","FGA","21","24"
"Example_56","D22S1045","15","17"
"Example_56","D5S818","12","13"
"Example_56","D13S317","8","12"
"Example_56","D7S820","11","11"
"Example_56","SE33","16","22"
"Example_56","D10S1248","15","16"
"Example_56","D1S1656","14","15"
"Example_56","D12S391","18","18"
"Example_56","D2S1338","18","24"
"Example_57","D3S1358","16","16"
"Example_57","vWA","14","18"
"Example_57","D16S539","9","9"
"Example_57","CSF1PO","10","12"
"Example_57","TPOX","8","11"
"Example_57","Yindel","1",""
"Example_57","AMEL","X","Y"
"Example_57","D8S1179","10","13"
"Example_57","D21S11","31","32.2"
"Example_57","D18S51","14","17"
"Example_57","DYS391","10",""
"Example_57","D2S441","9.1","9.1"
"Example_57","D19S433","13","15.2"
"Example_57","TH01","7","7"
"Example_57","FGA","22","23"
"Example_57","D22S1045","11","15"
"Example_57","D5S818","8","13"
"Example_57","D13S317","12","12"
"Example_57","D7S820","10","12"
"Example_57","SE33","20","28.2"
"Example_57","D10S1248","13","15"
"Example_57","D1S1656","13","17"
"Example_57","D12S391","19","19"
"Example_57","D2S1338","20","24"
"Example_58","D3S1358","15","16"
"Example_58","vWA","18","19"
"Example_58","D16S539","10","10"
"Example_58","CSF1PO","10","11"
"Example_58","TPOX","8","8"
"Example_58","Yindel","2",""
"Example_58","AMEL","X","Y"
"Example_58","D8S1179","11","12"
"Example_58","D21S11","29","29"
"Example_58","D18S51","15","16"
"Example_58","DYS391","10",""
"Example_58","D2S441","11","11"
"Example_58","D19S433","15.2","15.2"
"Example_58","TH01","6","9"
"Example_58","FGA","18","21"
"Example_58","D22S1045","11","15"
"Example_58","D5S818","9","12"
"Example_58","D13S317","8","8"
"Example_58","D7S820","10","11"
"Example_58","SE33","22.2","28.2"
"Example_58","D10S1248","14","14"
"Example_58","D1S1656","15","16.3"
"Example_58","D12S391","18","20"
"Example_58","D2S1338","17","24"
"Example_59","D3S1358","16","17"
"Example_59","vWA","15","19"
"Example_59","D16S539","9","10"
"Example_59","CSF1PO","12","12"
"Example_59","TPOX","9","11"
"Example_59","Yindel","1",""
"Example_59","AMEL","X","Y"
"Example_59","D8S1179","12","15"
"Example_59","D21S11","29","31.2"
"Example_59","D18S51","15","15"
"Example_59","DYS391","10",""
"Example_59","D2S441","11","11"
"Example_59","D19S433","13","15.2"
"Example_59","TH01","6","7"
"Example_59","FGA","19","23"
"Example_59","D22S1045","11","15"
"Example_59","D5S818","10","11"
"Example_59","D13S317","9","11"
"Example_59","D7S820","7","8"
"Example_59","SE33","18","21"
"Example_59","D10S1248","13","14"
"Example_59","D1S1656","12","13"
"Example_59","D12S391","19","20"
"Example_59","D2S1338","23","26"
"Example_60","D3S1358","16","16"
"Example_60","vWA","14","16"
"Example_60","D16S539","9","11"
"Example_60","CSF1PO","10","12"
"Example_60","TPOX","9","11"
"Example_60","Yindel","2",""
"Example_60","AMEL","X","Y"
"Example_60","D8S1179","13","16"
"Example_60","D21S11","29","31.2"
"Example_60","D18S51","13","17"
"Example_60","DYS391","10",""
"Example_60","D2S441","11","14"
"Example_60","D19S433","14","15.2"
"Example_60","TH01","7","9"
"Example_60","FGA","23","24"
"Example_60","D22S1045","17","18"
"Example_60","D5S818","9","11"
"Example_60","D13S317","8","12"
"Example_60","D7S820","12","13"
"Example_60","SE33","21","27.2"
"Example_60","D10S1248","15","16"
"Example_60","D1S1656","15","16"
"Example_60","D12S391","21","22"
"Example_60","D2S1338","18","23"
"Example_61","D3S1358","17","18"
"Example_61","vWA","17","17"
"Example_61","D16S539","9","12"
"Example_61","CSF1PO","10","12"
"Example_61","TPOX","9","12"
"Example_61","Yindel","1",""
"Example_61","AMEL","X","Y"
"Example_61","D8S1179","10","13"
"Example_61","D21S11","30","31"
"Example_61","D18S51","12","16"
"Example_61","DYS391","10",""
"Example_61","D2S441","11","11"
"Example_61","D19S433","14","14"
"Example_61","TH01","6","7"
"Example_61","FGA","24","26"
"Example_61","D22S1045","15","16"
"Example_61","D5S818","11","12"
"Example_61","D13S317","8","11"
"Example_61","D7S820","8","10"
"Example_61","SE33","20","28.2"
"Example_61","D10S1248","13","14"
"Example_61","D1S1656","14","16"
"Example_61","D12S391","19","21"
"Example_61","D2S1338","17","23"
"Example_62","D3S1358","15","16"
"Example_62","vWA","17","19"
"Example_62","D16S539","9","9"
"Example_62","CSF1PO","10","12"
"Example_62","TPOX","8","12"
"Example_62","Yindel","2",""
"Example_62","AMEL","X","Y"
"Example_62","D8S1179","13","16"
"Example_62","D21S11","30","31"
"Example_62","D18S51","13","18"
"Example_62","DYS391","11",""
"Example_62","D2S441","9.1","12"
"Example_62","D19S433","13","14"
"Example_62","TH01","7","9"
"Example_62","FGA","23","23"
"Example_62","D22S1045","17","17"
"Example_62","D5S818","12","13"
"Example_62","D13S317","8","11"
"Example_62","D7S820","11","12"
"Example_62","SE33","26.2","31.2"
"Example_62","D10S1248","13","15"
"Example_62","D1S1656","12","17"
"Example_62","D12S391","19","19"
"Example_62","D2S1338","18","19"
"Example_63","D3S1358","16","17"
"Example_63","vWA","14","16"
"Example_63","D16S539","9","10"
"Example_63","CSF1PO","10","10"
"Example_63","TPOX","8","8"
"Example_63","Yindel","2",""
"Example_63","AMEL","X","Y"
"Example_63","D8S1179","12","12"
"Example_63","D21S11","29","29"
"Example_63","D18S51","16","21"
"Example_63","DYS391","10",""
"Example_63","D2S441","11","15"
"Example_63","D19S433","13","14"
"Example_63","TH01","9","9"
"Example_63","FGA","23","24"
"Example_63","D22S1045","11","17"
"Example_63","D5S818","11","12"
"Example_63","D13S317","10","13"
"Example_63","D7S820","11","11"
"Example_63","SE33","17","28.2"
"Example_63","D10S1248","13","15"
"Example_63","D1S1656","15","16"
"Example_63","D12S391","20","20"
"Example_63","D2S1338","18","18"
"Example_64","D3S1358","15","16"
"Example_64","vWA","14","16"
"Example_64","D16S539","10","12"
"Example_64","CSF1PO","11","14"
"Example_64","TPOX","11","12"
"Example_64","Yindel","2",""
"Example_64","AMEL","X","Y"
"Example_64","D8S1179","12","14"
"Example_64","D21S11","29","30"
"Example_64","D18S51","14","18"
"Example_64","DYS391","10",""
"Example_64","D2S441","11","12"
"Example_64","D19S433","13","15.2"
"Example_64","TH01","6","9"
"Example_64","FGA","22","23"
"Example_64","D22S1045","16","17"
"Example_64","D5S818","10","13"
"Example_64","D13S317","10","12"
"Example_64","D7S820","10","11"
"Example_64","SE33","21","29.2"
"Example_64","D10S1248","12","14"
"Example_64","D1S1656","13","16"
"Example_64","D12S391","20","21"
"Example_64","D2S1338","22","26"
"Example_65","D3S1358","15","16"
"Example_65","vWA","14","19"
"Example_65","D16S539","12","13"
"Example_65","CSF1PO","9","13"
"Example_65","TPOX","8","11"
"Example_65","Yindel","2",""
"Example_65","AMEL","X","Y"
"Example_65","D8S1179","11","13"
"Example_65","D21S11","29","32.2"
"Example_65","D18S51","12","13"
"Example_65","DYS391","10",""
"Example_65","D2S441","10","11.3"
"Example_65","D19S433","14","14.2"
"Example_65","TH01","6","9"
"Example_65","FGA","21","22"
"Example_65","D22S1045","16","18"
"Example_65","D5S818","11","12"
"Example_65","D13S317","8","11"
"Example_65","D7S820","11","12"
"Example_65","SE33","21","27.2"
"Example_65","D10S1248","12","14"
"Example_65","D1S1656","13","18.3"
"Example_65","D12S391","18","18"
"Example_65","D2S1338","17","24"
"Example_66","D3S1358","17","17"
"Example_66","vWA","18","18"
"Example_66","D16S539","10","12"
"Example_66","CSF1PO","7","12"
"Example_66","TPOX","11","11"
"Example_66","Yindel","2",""
"Example_66","AMEL","X","Y"
"Example_66","D8S1179","14","14"
"Example_66","D21S11","29","31.2"
"Example_66","D18S51","13","14"
"Example_66","DYS391","10",""
"Example_66","D2S441","10","12"
"Example_66","D19S433","13","13"
"Example_66","TH01","7","7"
"Example_66","FGA","22","24"
"Example_66","D22S1045","11","17"
"Example_66","D5S818","9","12"
"Example_66","D13S317","8","12"
"Example_66","D7S820","11","11"
"Example_66","SE33","24.2","32.2"
"Example_66","D10S1248","12","16"
"Example_66","D1S1656","11","16"
"Example_66","D12S391","18","21"
"Example_66","D2S1338","23","25"
"Example_67","D3S1358","15","16"
"Example_67","vWA","14","18"
"Example_67","D16S539","9","10"
"Example_67","CSF1PO","11","12"
"Example_67","TPOX","8","8"
"Example_67","Yindel","2",""
"Example_67","AMEL","X","Y"
"Example_67","D8S1179","10","11"
"Example_67","D21S11","30","32.2"
"Example_67","D18S51","14","16"
"Example_67","DYS391","10",""
"Example_67","D2S441","11","12"
"Example_67","D19S433","14","15.2"
"Example_67","TH01","7","9"
"Example_67","FGA","21","24"
"Example_67","D22S1045","15","16"
"Example_67","D5S818","13","13"
"Example_67","D13S317","12","12"
"Example_67","D7S820","10","10"
"Example_67","SE33","19","22.2"
"Example_67","D10S1248","13","13"
"Example_67","D1S1656","17","17.3"
"Example_67","D12S391","17","21"
"Example_67","D2S1338","17","23"
"Example_68","D3S1358","16","16"
"Example_68","vWA","14","18"
"Example_68","D16S539","9","9"
"Example_68","CSF1PO","11","11"
"Example_68","TPOX","8","11"
"Example_68","Yindel","1",""
"Example_68","AMEL","X","Y"
"Example_68","D8S1179","10","14"
"Example_68","D21S11","29","29"
"Example_68","D18S51","15","17"
"Example_68","DYS391","10",""
"Example_68","D2S441","10","11"
"Example_68","D19S433","13","14"
"Example_68","TH01","6","6"
"Example_68","FGA","20","20"
"Example_68","D22S1045","15","16"
"Example_68","D5S818","10","12"
"Example_68","D13S317","8","13"
"Example_68","D7S820","8","12"
"Example_68","SE33","23.2","30.2"
"Example_68","D10S1248","13","15"
"Example_68","D1S1656","13","13"
"Example_68","D12S391","20","27"
"Example_68","D2S1338","18","20"
"Example_69","D3S1358","15","17"
"Example_69","vWA","15","16"
"Example_69","D16S539","12","13"
"Example_69","CSF1PO","9","13"
"Example_69","TPOX","9","11"
"Example_69","Yindel","1",""
"Example_69","AMEL","X","Y"
"Example_69","D8S1179","11","15"
"Example_69","D21S11","29","30"
"Example_69","D18S51","15","15"
"Example_69","DYS391","10",""
"Example_69","D2S441","10","12"
"Example_69","D19S433","13","15.2"
"Example_69","TH01","6","6"
"Example_69","FGA","20","24"
"Example_69","D22S1045","11","16"
"Example_69","D5S818","12","13"
"Example_69","D13S317","10","11"
"Example_69","D7S820","11","12"
"Example_69","SE33","16","24.2"
"Example_69","D10S1248","13","13"
"Example_69","D1S1656","13","15"
"Example_69","D12S391","18","20"
"Example_69","D2S1338","19","19"
"Example_70","D3S1358","16","17"
"Example_70","vWA","17","17"
"Example_70","D16S539","9","9"
"Example_70","CSF1PO","10","11"
"Example_70","TPOX","8","11"
"Example_70","Yindel","1",""
"Example_70","AMEL","X","Y"
"Example_70","D8S1179","10","15"
"Example_70","D21S11","30","30"
"Example_70","D18S51","13","14"
"Example_70","DYS391","10",""
"Example_70","D2S441","14","14"
"Example_70","D19S433","14","14.2"
"Example_70","TH01","6","9"
"Example_70","FGA","22","24"
"Example_70","D22S1045","16","16"
"Example_70","D5S818","11","13"
"Example_70","D13S317","8","10"
"Example_70","D7S820","10","11"
"Example_70","SE33","18","27.2"
"Example_70","D10S1248","13","15"
"Example_70","D1S1656","16","17"
"Example_70","D12S391","19","26"
"Example_70","D2S1338","18","19"
"Example_71","D3S1358","14","16"
"Example_71","vWA","15","18"
"Example_71","D16S539","11","12"
"Example_71","CSF1PO","11","12"
"Example_71","TPOX","8","8"
"Example_71","Yindel","2",""
"Example_71","AMEL","X","Y"
"Example_71","D8S1179","12","14"
"Example_71","D21S11","30","33.1"
"Example_71","D18S51","12","14"
"Example_71","DYS391","10",""
"Example_71","D2S441","11","14"
"Example_71","D19S433","13","14"
"Example_71","TH01","6","7"
"Example_71","FGA","22","23"
"Example_71","D22S1045","11","17"
"Example_71","D5S818","11","13"
"Example_71","D13S317","11","12"
"Example_71","D7S820","11","12"
"Example_71","SE33","28.2","31.2"
"Example_71","D10S1248","12","13"
"Example_71","D1S1656","15","16"
"Example_71","D12S391","17","21"
"Example_71","D2S1338","17","24"
"Example_72","D3S1358","15","15"
"Example_72","vWA","16","17"
"Example_72","D16S539","9","9"
"Example_72","CSF1PO","10","12"
"Example_72","TPOX","8","8"
"Example_72","Yindel","1",""
"Example_72","AMEL","X","Y"
"Example_72","D8S1179","14","16"
"Example_72","D21S11","29","34.2"
"Example_72","D18S51","13","16"
"Example_72","DYS391","11",""
"Example_72","D2S441","11","11"
"Example_72","D19S433","14","14.2"
"Example_72","TH01","6","7"
"Example_72","FGA","24","26"
"Example_72","D22S1045","16","16"
"Example_72","D5S818","10","11"
"Example_72","D13S317","9","10"
"Example_72","D7S820","8","10"
"Example_72","SE33","20","20"
"Example_72","D10S1248","13","14"
"Example_72","D1S1656","15","15"
"Example_72","D12S391","17","22"
"Example_72","D2S1338","18","19"
"Example_73","D3S1358","17","18"
"Example_73","vWA","15","16"
"Example_73","D16S539","12","13"
"Example_73","CSF1PO","12","13"
"Example_73","TPOX","8","11"
"Example_73","Yindel","1",""
"Example_73","AMEL","X","Y"
"Example_73","D8S1179","13","14"
"Example_73","D21S11","32","32.2"
"Example_73","D18S51","16","16"
"Example_73","DYS391","10",""
"Example_73","D2S441","11.3","13"
"Example_73","D19S433","14","14.2"
"Example_73","TH01","9","9"
"Example_73","FGA","24","25"
"Example_73","D22S1045","16","18"
"Example_73","D5S818","11","12"
"Example_73","D13S317","11","12"
"Example_73","D7S820","8","12"
"Example_73","SE33","20.2","22"
"Example_73","D10S1248","13","14"
"Example_73","D1S1656","13","17"
"Example_73","D12S391","19","19"
"Example_73","D2S1338","17","20"
"Example_74","D3S1358","15","16"
"Example_74","vWA","17","18"
"Example_74","D16S539","9","9"
"Example_74","CSF1PO","12","12"
"Example_74","TPOX","8","11"
"Example_74","Yindel","1",""
"Example_74","AMEL","X","Y"
"Example_74","D8S1179","13","13"
"Example_74","D21S11","29","30"
"Example_74","D18S51","12","13"
"Example_74","DYS391","10",""
"Example_74","D2S441","11","14"
"Example_74","D19S433","11","14"
"Example_74","TH01","7","9"
"Example_74","FGA","21","21"
"Example_74","D22S1045","15","15"
"Example_74","D5S818","12","13"
"Example_74","D13S317","12","12"
"Example_74","D7S820","11","11"
"Example_74","SE33","29.2","30.2"
"Example_74","D10S1248","14","15"
"Example_74","D1S1656","14","17.3"
"Example_74","D12S391","20","22"
"Example_74","D2S1338","19","19"
"Example_75","D3S1358","15","16"
"Example_75","vWA","14","17"
"Example_75","D16S539","12","13"
"Example_75","CSF1PO","10","10"
"Example_75","TPOX","8","12"
"Example_75","Yindel","1",""
"Example_75","AMEL","X","Y"
"Example_75","D8S1179","14","15"
"Example_75","D21S11","31.2","34.2"
"Example_75","D18S51","13","14"
"Example_75","DYS391","10",""
"Example_75","D2S441","11","11"
"Example_75","D19S433","13","14"
"Example_75","TH01","6","7"
"Example_75","FGA","22","23"
"Example_75","D22S1045","17","17"
"Example_75","D5S818","12","12"
"Example_75","D13S317","11","11"
"Example_75","D7S820","8","9"
"Example_75","SE33","17","27.2"
"Example_75","D10S1248","15","15"
"Example_75","D1S1656","16","17"
"Example_75","D12S391","18","24"
"Example_75","D2S1338","17","18"
"Example_76","D3S1358","16","17"
"Example_76","vWA","14","16"
"Example_76","D16S539","9","9"
"Example_76","CSF1PO","10","12"
"Example_76","TPOX","8","8"
"Example_76","Yindel","2",""
"Example_76","AMEL","X","Y"
"Example_76","D8S1179","12","14"
"Example_76","D21S11","29","33.2"
"Example_76","D18S51","15","17"
"Example_76","DYS391","10",""
"Example_76","D2S441","10","12"
"Example_76","D19S433","14","14"
"Example_76","TH01","6","6"
"Example_76","FGA","23","25"
"Example_76","D22S1045","15","18"
"Example_76","D5S818","8","12"
"Example_76","D13S317","10","10"
"Example_76","D7S820","8","11"
"Example_76","SE33","22.2","27.2"
"Example_76","D10S1248","15","17"
"Example_76","D1S1656","13","16"
"Example_76","D12S391","18","19"
"Example_76","D2S1338","17","24"
"Example_77","D3S1358","15","17"
"Example_77","vWA","17","18"
"Example_77","D16S539","9","9"
"Example_77","CSF1PO","10","12"
"Example_77","TPOX","9","12"
"Example_77","Yindel","1",""
"Example_77","AMEL","X","Y"
"Example_77","D8S1179","14","15"
"Example_77","D21S11","30","32"
"Example_77","D18S51","13","14"
"Example_77","DYS391","10",""
"Example_77","D2S441","10","10"
"Example_77","D19S433","13","14"
"Example_77","TH01","6","9"
"Example_77","FGA","21","23"
"Example_77","D22S1045","17","17"
"Example_77","D5S818","10","11"
"Example_77","D13S317","8","8"
"Example_77","D7S820","10","11"
"Example_77","SE33","23.2","24.2"
"Example_77","D10S1248","12","14"
"Example_77","D1S1656","12","17"
"Example_77","D12S391","18","26"
"Example_77","D2S1338","16","19"
"Example_78","D3S1358","16","17"
"Example_78","vWA","16","17"
"Example_78","D16S539","10","12"
"Example_78","CSF1PO","10","11"
"Example_78","TPOX","8","8"
"Example_78","Yindel","1",""
"Example_78","AMEL","X","Y"
"Example_78","D8S1179","13","15"
"Example_78","D21S11","29","32.2"
"Example_78","D18S51","12","13"
"Example_78","DYS391","10",""
"Example_78","D2S441","11","11.3"
"Example_78","D19S433","13","14.2"
"Example_78","TH01","7","9"
"Example_78","FGA","22","24"
"Example_78","D22S1045","11","15"
"Example_78","D5S818","10","15"
"Example_78","D13S317","8","13"
"Example_78","D7S820","10","11"
"Example_78","SE33","17","29.2"
"Example_78","D10S1248","14","15"
"Example_78","D1S1656","14","16"
"Example_78","D12S391","17","20"
"Example_78","D2S1338","25","26"
"Example_79","D3S1358","15","15"
"Example_79","vWA","16","19"
"Example_79","D16S539","10","11"
"Example_79","CSF1PO","10","12"
"Example_79","TPOX","8","11"
"Example_79","Yindel","1",""
"Example_79","AMEL","X","Y"
"Example_79","D8S1179","10","15"
"Example_79","D21S11","29","32.2"
"Example_79","D18S51","13","16"
"Example_79","DYS391","10",""
"Example_79","D2S441","11","12"
"Example_79","D19S433","14","14"
"Example_79","TH01","7","9.3"
"Example_79","FGA","21","23"
"Example_79","D22S1045","11","15"
"Example_79","D5S818","11","12"
"Example_79","D13S317","9","11"
"Example_79","D7S820","12","12"
"Example_79","SE33","25.2","28.2"
"Example_79","D10S1248","13","13"
"Example_79","D1S1656","13","14"
"Example_79","D12S391","18","18"
"Example_79","D2S1338","19","19"
"Example_80","D3S1358","15","16"
"Example_80","vWA","16","16"
"Example_80","D16S539","9","10"
"Example_80","CSF1PO","11","11"
"Example_80","TPOX","9","11"
"Example_80","Yindel","2",""
"Example_80","AMEL","X","Y"
"Example_80","D8S1179","13","16"
"Example_80","D21S11","29","31"
"Example_80","D18S51","14","15"
"Example_80","DYS391","10",""
"Example_80","D2S441","10","11.3"
"Example_80","D19S433","13","13.2"
"Example_80","TH01","9","9"
"Example_80","FGA","21","22"
"Example_80","D22S1045","15","16"
"Example_80","D5S818","10","11"
"Example_80","D13S317","8","9"
"Example_80","D7S820","11","11"
"Example_80","SE33","25.2","30.2"
"Example_80","D10S1248","13","14"
"Example_80","D1S1656","15","16"
"Example_80","D12S391","19","20"
"Example_80","D2S1338","17","26"
"Example_81","D3S1358","15","16"
"Example_81","vWA","14","17"
"Example_81","D16S539","9","11"
"Example_81","CSF1PO","12","12"
"Example_81","TPOX","8","8"
"Example_81","Yindel","1",""
"Example_81","AMEL","X","Y"
"Example_81","D8S1179","10","13"
"Example_81","D21S11","30","32.2"
"Example_81","D18S51","13","13"
"Example_81","DYS391","10",""
"Example_81","D2S441","10","10"
"Example_81","D19S433","13","14"
"Example_81","TH01","6","7"
"Example_81","FGA","22","23"
"Example_81","D22S1045","11","15"
"Example_81","D5S818","10","13"
"Example_81","D13S317","9","12"
"Example_81","D7S820","11","12"
"Example_81","SE33","21","25.2"
"Example_81","D10S1248","12","15"
"Example_81","D1S1656","15","17.3"
"Example_81","D12S391","19","19"
"Example_81","D2S1338","19","19"
"Example_82","D3S1358","14","15"
"Example_82","vWA","16","17"
"Example_82","D16S539","10","11"
"Example_82","CSF1PO","11","12"
"Example_82","TPOX","8","9"
"Example_82","Yindel","2",""
"Example_82","AMEL","X","Y"
"Example_82","D8S1179","11","14"
"Example_82","D21S11","30","31"
"Example_82","D18S51","18","23"
"Example_82","DYS391","10",""
"Example_82","D2S441","10","10"
"Example_82","D19S433","14","15.2"
"Example_82","TH01","9","9"
"Example_82","FGA","18","21"
"Example_82","D22S1045","17","17"
"Example_82","D5S818","9","9"
"Example_82","D13S317","10","11"
"Example_82","D7S820","8","12"
"Example_82","SE33","19","23.2"
"Example_82","D10S1248","15","16"
"Example_82","D1S1656","13","18"
"Example_82","D12S391","18","22"
"Example_82","D2S1338","19","23"
"Example_83","D3S1358","15","17"
"Example_83","vWA","14","18"
"Example_83","D16S539","9","12"
"Example_83","CSF1PO","9","10"
"Example_83","TPOX","8","11"
"Example_83","Yindel","1",""
"Example_83","AMEL","X","Y"
"Example_83","D8S1179","10","15"
"Example_83","D21S11","31.2","32.2"
"Example_83","D18S51","14","17"
"Example_83","DYS391","10",""
"Example_83","D2S441","10","11"
"Example_83","D19S433","13.2","15.2"
"Example_83","TH01","6","9"
"Example_83","FGA","23","24"
"Example_83","D22S1045","15","17"
"Example_83","D5S818","9","11"
"Example_83","D13S317","8","8"
"Example_83","D7S820","8","9"
"Example_83","SE33","22","32.2"
"Example_83","D10S1248","12","13"
"Example_83","D1S1656","14","16"
"Example_83","D12S391","18","24"
"Example_83","D2S1338","20","24"
"Example_84","D3S1358","15","17"
"Example_84","vWA","16","17"
"Example_84","D16S539","9","10"
"Example_84","CSF1PO","10","12"
"Example_84","TPOX","8","11"
"Example_84","Yindel","2",""
"Example_84","AMEL","X","Y"
"Example_84","D8S1179","10","13"
"Example_84","D21S11","30","31"
"Example_84","D18S51","13","19"
"Example_84","DYS391","10",""
"Example_84","D2S441","9.1","11"
"Example_84","D19S433","13","14"
"Example_84","TH01","7","9"
"Example_84","FGA","19","22"
"Example_84","D22S1045","16","17"
"Example_84","D5S818","11","13"
"Example_84","D13S317","9","12"
"Example_84","D7S820","12","13"
"Example_84","SE33","23","29.2"
"Example_84","D10S1248","12","15"
"Example_84","D1S1656","14","14"
"Example_84","D12S391","21.3","22"
"Example_84","D2S1338","18","24"
"Example_85","D3S1358","15","15"
"Example_85","vWA","16","18"
"Example_85","D16S539","9","9"
"Example_85","CSF1PO","11","12"
"Example_85","TPOX","11","11"
"Example_85","Yindel","1",""
"Example_85","AMEL","X","Y"
"Example_85","D8S1179","12","13"
"Example_85","D21S11","28","29"
"Example_85","D18S51","13","17"
"Example_85","DYS391","10",""
"Example_85","D2S441","11","11"
"Example_85","D19S433","14","16.2"
"Example_85","TH01","7","9"
"Example_85","FGA","20","24"
"Example_85","D22S1045","15","16"
"Example_85","D5S818","9","11"
"Example_85","D13S317","8","11"
"Example_85","D7S820","8","10.1"
"Example_85","SE33","19","23.2"
"Example_85","D10S1248","13","14"
"Example_85","D1S1656","16","18.3"
"Example_85","D12S391","18","19"
"Example_85","D2S1338","23","24"
"Example_86","D3S1358","15","17"
"Example_86","vWA","16","17"
"Example_86","D16S539","9","11"
"Example_86","CSF1PO","12","12"
"Example_86","TPOX","9","10"
"Example_86","Yindel","2",""
"Example_86","AMEL","X","Y"
"Example_86","D8S1179","10","15"
"Example_86","D21S11","30","31"
"Example_86","D18S51","13","17"
"Example_86","DYS391","10",""
"Example_86","D2S441","11","14"
"Example_86","D19S433","13","14.2"
"Example_86","TH01","6","6"
"Example_86","FGA","20","24"
"Example_86","D22S1045","11","16"
"Example_86","D5S818","9","11"
"Example_86","D13S317","10","12"
"Example_86","D7S820","8","8"
"Example_86","SE33","26.2","32.2"
"Example_86","D10S1248","14","14"
"Example_86","D1S1656","16","17"
"Example_86","D12S391","15","18"
"Example_86","D2S1338","17","23"
"Example_87","D3S1358","14","18"
"Example_87","vWA","16","16"
"Example_87","D16S539","9","10"
"Example_87","CSF1PO","12","12"
"Example_87","TPOX","8","8"
"Example_87","Yindel","1",""
"Example_87","AMEL","X","Y"
"Example_87","D8S1179","12","14"
"Example_87","D21S11","30","30"
"Example_87","D18S51","13","14"
"Example_87","DYS391","10",""
"Example_87","D2S441","9.1","11"
"Example_87","D19S433","14","15.2"
"Example_87","TH01","6","7"
"Example_87","FGA","20","20"
"Example_87","D22S1045","15","15"
"Example_87","D5S818","11","11"
"Example_87","D13S317","9","10"
"Example_87","D7S820","8","8"
"Example_87","SE33","20","24.2"
"Example_87","D10S1248","14","15"
"Example_87","D1S1656","16","16"
"Example_87","D12S391","19","20"
"Example_87","D2S1338","18","24"
"Example_88","D3S1358","16","16"
"Example_88","vWA","14","14"
"Example_88","D16S539","11","12"
"Example_88","CSF1PO","12","12"
"Example_88","TPOX","10","11"
"Example_88","Yindel","2",""
"Example_88","AMEL","X","Y"
"Example_88","D8S1179","13","14"
"Example_88","D21S11","30","30"
"Example_88","D18S51","13","14"
"Example_88","DYS391","10",""
"Example_88","D2S441","11","12"
"Example_88","D19S433","14","14"
"Example_88","TH01","7","9"
"Example_88","FGA","20","23"
"Example_88","D22S1045","15","16"
"Example_88","D5S818","12","12"
"Example_88","D13S317","9","12"
"Example_88","D7S820","11","12"
"Example_88","SE33","20","21"
"Example_88","D10S1248","13","14"
"Example_88","D1S1656","11","16"
"Example_88","D12S391","20","24"
"Example_88","D2S1338","17","24"
"Example_89","D3S1358","16","17"
"Example_89","vWA","14","18"
"Example_89","D16S539","10","12"
"Example_89","CSF1PO","12","12"
"Example_89","TPOX","8","11"
"Example_89","Yindel","1",""
"Example_89","AMEL","X","Y"
"Example_89","D8S1179","14","16"
"Example_89","D21S11","30","32.2"
"Example_89","D18S51","15","18"
"Example_89","DYS391","10",""
"Example_89","D2S441","11","12"
"Example_89","D19S433","13","14"
"Example_89","TH01","9","9"
"Example_89","FGA","24","25"
"Example_89","D22S1045","15","16"
"Example_89","D5S818","12","12"
"Example_89","D13S317","10","11"
"Example_89","D7S820","11","12"
"Example_89","SE33","27.2","31.2"
"Example_89","D10S1248","12","13"
"Example_89","D1S1656","15","16"
"Example_89","D12S391","18","21"
"Example_89","D2S1338","19","19"
"Example_90","D3S1358","15","17"
"Example_90","vWA","18","19"
"Example_90","D16S539","9","13"
"Example_90","CSF1PO","11","12"
"Example_90","TPOX","8","11"
"Example_90","Yindel","2",""
"Example_90","AMEL","X","Y"
"Example_90","D8S1179","12","14"
"Example_90","D21S11","29","32.2"
"Example_90","D18S51","13","13"
"Example_90","DYS391","10",""
"Example_90","D2S441","11","14"
"Example_90","D19S433","13","14"
"Example_90","TH01","8","9"
"Example_90","FGA","19","28"
"Example_90","D22S1045","15","15"
"Example_90","D5S818","9","13"
"Example_90","D13S317","9","12"
"Example_90","D7S820","11","12"
"Example_90","SE33","16","20"
"Example_90","D10S1248","13","13"
"Example_90","D1S1656","13","16"
"Example_90","D12S391","18","18"
"Example_90","D2S1338","19","25"
"Example_91","D3S1358","15","15"
"Example_91","vWA","14","19"
"Example_91","D16S539","9","10"
"Example_91","CSF1PO","11","12"
"Example_91","TPOX","9","11"
"Example_91","Yindel","1",""
"Example_91","AMEL","X","Y"
"Example_91","D8S1179","13","14"
"Example_91","D21S11","29","30"
"Example_91","D18S51","15","15"
"Example_91","DYS391","10",""
"Example_91","D2S441","9.1","10"
"Example_91","D19S433","13","14"
"Example_91","TH01","7","9"
"Example_91","FGA","20","21"
"Example_91","D22S1045","15","17"
"Example_91","D5S818","11","12"
"Example_91","D13S317","9","11"
"Example_91","D7S820","8","12"
"Example_91","SE33","20","21"
"Example_91","D10S1248","13","13"
"Example_91","D1S1656","14","14"
"Example_91","D12S391","19","21"
"Example_91","D2S1338","23","24"
"Example_92","D3S1358","15","16"
"Example_92","vWA","14","14"
"Example_92","D16S539","10","13"
"Example_92","CSF1PO","11","12"
"Example_92","TPOX","8","8"
"Example_92","Yindel","1",""
"Example_92","AMEL","X","Y"
"Example_92","D8S1179","10","13"
"Example_92","D21S11","29","30"
"Example_92","D18S51","16","17"
"Example_92","DYS391","10",""
"Example_92","D2S441","10","14"
"Example_92","D19S433","13","15.2"
"Example_92","TH01","6","9"
"Example_92","FGA","21","23"
"Example_92","D22S1045","11","16"
"Example_92","D5S818","13","13"
"Example_92","D13S317","8","8"
"Example_92","D7S820","8","11"
"Example_92","SE33","15","17"
"Example_92","D10S1248","13","13"
"Example_92","D1S1656","15","15"
"Example_92","D12S391","20","21"
"Example_92","D2S1338","22","25"
"Example_93","D3S1358","14","15"
"Example_93","vWA","14","16"
"Example_93","D16S539","10","12"
"Example_93","CSF1PO","11","12"
"Example_93","TPOX","11","11"
"Example_93","Yindel","1",""
"Example_93","AMEL","X","Y"
"Example_93","D8S1179","13","15"
"Example_93","D21S11","28","31.2"
"Example_93","D18S51","15","17"
"Example_93","DYS391","10",""
"Example_93","D2S441","11","14"
"Example_93","D19S433","12","14"
"Example_93","TH01","9","9"
"Example_93","FGA","21","26"
"Example_93","D22S1045","11","14"
"Example_93","D5S818","13","13"
"Example_93","D13S317","9","10"
"Example_93","D7S820","12","12"
"Example_93","SE33","27.2","30.2"
"Example_93","D10S1248","13","16"
"Example_93","D1S1656","16","17"
"Example_93","D12S391","17","20"
"Example_93","D2S1338","19","25"
"Example_94","D3S1358","16","16"
"Example_94","vWA","16","17"
"Example_94","D16S539","9","9"
"Example_94","CSF1PO","12","12"
"Example_94","TPOX","8","8"
"Example_94","Yindel","2",""
"Example_94","AMEL","X","Y"
"Example_94","D8S1179","14","14"
"Example_94","D21S11","30","30"
"Example_94","D18S51","13","14"
"Example_94","DYS391","10",""
"Example_94","D2S441","11","14"
"Example_94","D19S433","13","14"
"Example_94","TH01","6","9"
"Example_94","FGA","19","24"
"Example_94","D22S1045","15","15"
"Example_94","D5S818","11","13"
"Example_94","D13S317","8","12"
"Example_94","D7S820","8","11"
"Example_94","SE33","18","19"
"Example_94","D10S1248","15","16"
"Example_94","D1S1656","17","18.3"
"Example_94","D12S391","21","23"
"Example_94","D2S1338","19","21"
"Example_95","D3S1358","16","17"
"Example_95","vWA","16","17"
"Example_95","D16S539","9","12"
"Example_95","CSF1PO","9","10"
"Example_95","TPOX","8","8"
"Example_95","Yindel","2",""
"Example_95","AMEL","X","Y"
"Example_95","D8S1179","11","13"
"Example_95","D21S11","29","29"
"Example_95","D18S51","16","20"
"Example_95","DYS391","10",""
"Example_95","D2S441","10","11"
"Example_95","D19S433","14","14"
"Example_95","TH01","9","9"
"Example_95","FGA","19","19"
"Example_95","D22S1045","16","17"
"Example_95","D5S818","12","13"
"Example_95","D13S317","8","11"
"Example_95","D7S820","11","12"
"Example_95","SE33","20","32.1"
"Example_95","D10S1248","13","13"
"Example_95","D1S1656","15","18.3"
"Example_95","D12S391","18","18"
"Example_95","D2S1338","19","24"
"Example_96","D3S1358","16","16"
"Example_96","vWA","17","19"
"Example_96","D16S539","9","12"
"Example_96","CSF1PO","10","13"
"Example_96","TPOX","8","11"
"Example_96","Yindel","2",""
"Example_96","AMEL","X","Y"
"Example_96","D8S1179","13","13"
"Example_96","D21S11","29","30"
"Example_96","D18S51","15","17"
"Example_96","DYS391","10",""
"Example_96","D2S441","11","15"
"Example_96","D19S433","14","14"
"Example_96","TH01","7","9"
"Example_96","FGA","21","25"
"Example_96","D22S1045","11","15"
"Example_96","D5S818","9","10"
"Example_96","D13S317","8","12"
"Example_96","D7S820","8","11"
"Example_96","SE33","20","25.2"
"Example_96","D10S1248","12","14"
"Example_96","D1S1656","15","16"
"Example_96","D12S391","18","19"
"Example_96","D2S1338","19","26"
"Example_97","D3S1358","15","15"
"Example_97","vWA","17","19"
"Example_97","D16S539","9","9"
"Example_97","CSF1PO","12","12"
"Example_97","TPOX","9","11"
"Example_97","Yindel","2",""
"Example_97","AMEL","X","Y"
"Example_97","D8S1179","11","15"
"Example_97","D21S11","30","30"
"Example_97","D18S51","13","18"
"Example_97","DYS391","10",""
"Example_97","D2S441","11","13"
"Example_97","D19S433","13","14.2"
"Example_97","TH01","7","8"
"Example_97","FGA","22","23"
"Example_97","D22S1045","15","15"
"Example_97","D5S818","10","13"
"Example_97","D13S317","9","12"
"Example_97","D7S820","10","11"
"Example_97","SE33","20","25.2"
"Example_97","D10S1248","13","13"
"Example_97","D1S1656","16","17"
"Example_97","D12S391","18","20"
"Example_97","D2S1338","22","23"
"Example_98","D3S1358","16","17"
"Example_98","vWA","14","15"
"Example_98","D16S539","9","13"
"Example_98","CSF1PO","10","10"
"Example_98","TPOX","8","8"
"Example_98","Yindel","1",""
"Example_98","AMEL","X","Y"
"Example_98","D8S1179","13","15"
"Example_98","D21S11","29","31.2"
"Example_98","D18S51","15","17"
"Example_98","DYS391","10",""
"Example_98","D2S441","10","11"
"Example_98","D19S433","14","14.2"
"Example_98","TH01","7","7"
"Example_98","FGA","23","24"
"Example_98","D22S1045","11","15"
"Example_98","D5S818","10","13"
"Example_98","D13S317","9","13"
"Example_98","D7S820","8","11"
"Example_98","SE33","18","18"
"Example_98","D10S1248","12","15"
"Example_98","D1S1656","14","18.3"
"Example_98","D12S391","17","21"
"Example_98","D2S1338","19","22"
"Example_99","D3S1358","14","17"
"Example_99","vWA","14","15"
"Example_99","D16S539","9","13"
"Example_99","CSF1PO","10","11"
"Example_99","TPOX","8","10"
"Example_99","Yindel","2",""
"Example_99","AMEL","X","Y"
"Example_99","D8S1179","14","14"
"Example_99","D21S11","29","32.2"
"Example_99","D18S51","13","14"
"Example_99","DYS391","9",""
"Example_99","D2S441","11","13"
"Example_99","D19S433","13","16.2"
"Example_99","TH01","6","9"
"Example_99","FGA","20","21"
"Example_99","D22S1045","11","17"
"Example_99","D5S818","10","12"
"Example_99","D13S317","8","11"
"Example_99","D7S820","10","11"
"Example_99","SE33","29.2","30.2"
"Example_99","D10S1248","12","16"
"Example_99","D1S1656","16","16"
"Example_99","D12S391","18","19"
"Example_99","D2S1338","19","24"
"Example_100","D3S1358","13","15"
"Example_100","vWA","18","18"
"Example_100","D16S539","9","12"
"Example_100","CSF1PO","10","10"
"Example_100","TPOX","8","11"
"Example_100","Yindel","1",""
"Example_100","AMEL","X","Y"
"Example_100","D8S1179","10","13"
"Example_100","D21S11","30","30"
"Example_100","D18S51","14","15"
"Example_100","DYS391","11",""
"Example_100","D2S441","12","13"
"Example_100","D19S433","14","15.2"
"Example_100","TH01","6","9"
"Example_100","FGA","19","24"
"Example_100","D22S1045","15","16"
"Example_100","D5S818","10","14"
"Example_100","D13S317","7","11"
"Example_100","D7S820","8","13"
"Example_100","SE33","20","24.2"
"Example_100","D10S1248","14","16"
"Example_100","D1S1656","14","18.3"
"Example_100","D12S391","19","19"
"Example_100","D2S1338","19","19"
"Example_101","D3S1358","16","18"
"Example_101","vWA","14","14"
"Example_101","D16S539","9","11"
"Example_101","CSF1PO","10","13"
"Example_101","TPOX","8","11"
"Example_101","Yindel","1",""
"Example_101","AMEL","X","Y"
"Example_101","D8S1179","13","14"
"Example_101","D21S11","29","32.2"
"Example_101","D18S51","16","21"
"Example_101","DYS391","10",""
"Example_101","D2S441","11","12"
"Example_101","D19S433","13","15.2"
"Example_101","TH01","9","10"
"Example_101","FGA","24","26"
"Example_101","D22S1045","15","15"
"Example_101","D5S818","11","13"
"Example_101","D13S317","11","11"
"Example_101","D7S820","10","11"
"Example_101","SE33","15","27.2"
"Example_101","D10S1248","14","14"
"Example_101","D1S1656","13","16"
"Example_101","D12S391","18","19"
"Example_101","D2S1338","18","19"
"Example_102","D3S1358","15","16"
"Example_102","vWA","16","17"
"Example_102","D16S539","9","9"
"Example_102","CSF1PO","11","13"
"Example_102","TPOX","8","11"
"Example_102","Yindel","1",""
"Example_102","AMEL","X","Y"
"Example_102","D8S1179","11","13"
"Example_102","D21S11","31.2","33.2"
"Example_102","D18S51","13","17"
"Example_102","DYS391","10",""
"Example_102","D2S441","9.1","11"
"Example_102","D19S433","13","15.2"
"Example_102","TH01","7","8"
"Example_102","FGA","20","21"
"Example_102","D22S1045","16","16"
"Example_102","D5S818","11","12"
"Example_102","D13S317","8","13"
"Example_102","D7S820","11","12"
"Example_102","SE33","14","20"
"Example_102","D10S1248","13","15"
"Example_102","D1S1656","14","14"
"Example_102","D12S391","20","20"
"Example_102","D2S1338","23","25"
"Example_103","D3S1358","16","17"
"Example_103","vWA","16","18"
"Example_103","D16S539","9","11"
"Example_103","CSF1PO","12","12"
"Example_103","TPOX","8","10"
"Example_103","Yindel","1",""
"Example_103","AMEL","X","Y"
"Example_103","D8S1179","11","11"
"Example_103","D21S11","32.2","34.2"
"Example_103","D18S51","14","14"
"Example_103","DYS391","11",""
"Example_103","D2S441","10","11"
"Example_103","D19S433","13","14"
"Example_103","TH01","7","7"
"Example_103","FGA","21","24"
"Example_103","D22S1045","17","17"
"Example_103","D5S818","11","12"
"Example_103","D13S317","8","12"
"Example_103","D7S820","10","11"
"Example_103","SE33","19","29.2"
"Example_103","D10S1248","12","14"
"Example_103","D1S1656","16","17"
"Example_103","D12S391","19","20"
"Example_103","D2S1338","18","20"
"Example_104","D3S1358","15","18"
"Example_104","vWA","17","18"
"Example_104","D16S539","11","14"
"Example_104","CSF1PO","12","12"
"Example_104","TPOX","8","8"
"Example_104","Yindel","1",""
"Example_104","AMEL","X","Y"
"Example_104","D8S1179","12","13"
"Example_104","D21S11","28","29"
"Example_104","D18S51","14","14"
"Example_104","DYS391","10",""
"Example_104","D2S441","10","11"
"Example_104","D19S433","13","14"
"Example_104","TH01","6","9.3"
"Example_104","FGA","22","22"
"Example_104","D22S1045","15","15"
"Example_104","D5S818","10","10"
"Example_104","D13S317","8","12"
"Example_104","D7S820","11","12"
"Example_104","SE33","26.2","27.2"
"Example_104","D10S1248","13","15"
"Example_104","D1S1656","14","18.3"
"Example_104","D12S391","18","20"
"Example_104","D2S1338","17","19"
"Example_105","D3S1358","15","21"
"Example_105","vWA","14","18"
"Example_105","D16S539","9","11"
"Example_105","CSF1PO","12","12"
"Example_105","TPOX","8","13"
"Example_105","Yindel","1",""
"Example_105","AMEL","X","Y"
"Example_105","D8S1179","15","15"
"Example_105","D21S11","30","33"
"Example_105","D18S51","15","16"
"Example_105","DYS391","10",""
"Example_105","D2S441","9.1","12"
"Example_105","D19S433","13","15.2"
"Example_105","TH01","8","9"
"Example_105","FGA","24","24"
"Example_105","D22S1045","11","16"
"Example_105","D5S818","10","12"
"Example_105","D13S317","8","12"
"Example_105","D7S820","8","11"
"Example_105","SE33","19","29.2"
"Example_105","D10S1248","13","15"
"Example_105","D1S1656","15","17.3"
"Example_105","D12S391","19","21"
"Example_105","D2S1338","16","19"
"Example_106","D3S1358","16","17"
"Example_106","vWA","14","17"
"Example_106","D16S539","9","10"
"Example_106","CSF1PO","10","12"
"Example_106","TPOX","8","11"
"Example_106","Yindel","2",""
"Example_106","AMEL","X","Y"
"Example_106","D8S1179","15","16"
"Example_106","D21S11","29","31.2"
"Example_106","D18S51","14","16"
"Example_106","DYS391","10",""
"Example_106","D2S441","12","14"
"Example_106","D19S433","14","15.2"
"Example_106","TH01","9","9"
"Example_106","FGA","22","24"
"Example_106","D22S1045","11","15"
"Example_106","D5S818","11","12"
"Example_106","D13S317","10","12"
"Example_106","D7S820","11","12"
"Example_106","SE33","20","30.2"
"Example_106","D10S1248","13","15"
"Example_106","D1S1656","16","16"
"Example_106","D12S391","20","22"
"Example_106","D2S1338","18","23"
"Example_107","D3S1358","16","17"
"Example_107","vWA","17","18"
"Example_107","D16S539","9","11"
"Example_107","CSF1PO","11","12"
"Example_107","TPOX","9","12"
"Example_107","Yindel","1",""
"Example_107","AMEL","X","Y"
"Example_107","D8S1179","12","15"
"Example_107","D21S11","29","30"
"Example_107","D18S51","15","16"
"Example_107","DYS391","11",""
"Example_107","D2S441","11","13"
"Example_107","D19S433","14","15"
"Example_107","TH01","9","9"
"Example_107","FGA","22","24"
"Example_107","D22S1045","15","15"
"Example_107","D5S818","12","12"
"Example_107","D13S317","9","10"
"Example_107","D7S820","11","11"
"Example_107","SE33","17","23.2"
"Example_107","D10S1248","15","16"
"Example_107","D1S1656","11","17"
"Example_107","D12S391","19","20"
"Example_107","D2S1338","19","23"
"Example_108","D3S1358","15","17"
"Example_108","vWA","16","16"
"Example_108","D16S539","9","11"
"Example_108","CSF1PO","10","12"
"Example_108","TPOX","8","8"
"Example_108","Yindel","2",""
"Example_108","AMEL","X","Y"
"Example_108","D8S1179","12","14"
"Example_108","D21S11","29","31"
"Example_108","D18S51","14","15"
"Example_108","DYS391","10",""
"Example_108","D2S441","9.1","13"
"Example_108","D19S433","13","14.2"
"Example_108","TH01","6","8"
"Example_108","FGA","21","22"
"Example_108","D22S1045","16","17"
"Example_108","D5S818","11","13"
"Example_108","D13S317","9","12"
"Example_108","D7S820","8","12"
"Example_108","SE33","19","22"
"Example_108","D10S1248","14","15"
"Example_108","D1S1656","14","17.3"
"Example_108","D12S391","19","25"
"Example_108","D2S1338","18","19"
"Example_109","D3S1358","15","15"
"Example_109","vWA","17","18"
"Example_109","D16S539","9","9"
"Example_109","CSF1PO","10","12"
"Example_109","TPOX","8","11"
"Example_109","Yindel","2",""
"Example_109","AMEL","X","Y"
"Example_109","D8S1179","11","16"
"Example_109","D21S11","30","32.2"
"Example_109","D18S51","15","15"
"Example_109","DYS391","10",""
"Example_109","D2S441","11","11"
"Example_109","D19S433","13.2","14.2"
"Example_109","TH01","6","7"
"Example_109","FGA","23","24"
"Example_109","D22S1045","11","16"
"Example_109","D5S818","12","14"
"Example_109","D13S317","11","12"
"Example_109","D7S820","8","12"
"Example_109","SE33","26.2","29.2"
"Example_109","D10S1248","11","13"
"Example_109","D1S1656","15","16.3"
"Example_109","D12S391","18","20"
"Example_109","D2S1338","24","27"
"Example_110","D3S1358","15","16"
"Example_110","vWA","14","14"
"Example_110","D16S539","7","12"
"Example_110","CSF1PO","12","12"
"Example_110","TPOX","8","12"
"Example_110","Yindel","1",""
"Example_110","AMEL","X","Y"
"Example_110","D8S1179","12","14"
"Example_110","D21S11","29","33.2"
"Example_110","D18S51","12","12"
"Example_110","DYS391","10",""
"Example_110","D2S441","11","12"
"Example_110","D19S433","13","14"
"Example_110","TH01","9","9"
"Example_110","FGA","23","24"
"Example_110","D22S1045","15","15"
"Example_110","D5S818","9","11"
"Example_110","D13S317","10","11"
"Example_110","D7S820","12","13"
"Example_110","SE33","26.2","27.2"
"Example_110","D10S1248","13","15"
"Example_110","D1S1656","11","17"
"Example_110","D12S391","20","22"
"Example_110","D2S1338","25","25"
"Example_111","D3S1358","15","17"
"Example_111","vWA","14","17"
"Example_111","D16S539","10","12"
"Example_111","CSF1PO","10","11"
"Example_111","TPOX","8","11"
"Example_111","Yindel","1",""
"Example_111","AMEL","X","Y"
"Example_111","D8S1179","13","15"
"Example_111","D21S11","30","33.2"
"Example_111","D18S51","12","17"
"Example_111","DYS391","10",""
"Example_111","D2S441","10","11"
"Example_111","D19S433","14.2","15.2"
"Example_111","TH01","9","9"
"Example_111","FGA","23","26"
"Example_111","D22S1045","15","15"
"Example_111","D5S818","11","11"
"Example_111","D13S317","11","11"
"Example_111","D7S820","11","12"
"Example_111","SE33","18","22"
"Example_111","D10S1248","14","15"
"Example_111","D1S1656","14","14"
"Example_111","D12S391","20","21"
"Example_111","D2S1338","19","19"
"Example_112","D3S1358","14","16"
"Example_112","vWA","14","14"
"Example_112","D16S539","9","13"
"Example_112","CSF1PO","10","12"
"Example_112","TPOX","8","11"
"Example_112","Yindel","2",""
"Example_112","AMEL","X","Y"
"Example_112","D8S1179","10","12"
"Example_112","D21S11","30","32.2"
"Example_112","D18S51","17","18"
"Example_112","DYS391","10",""
"Example_112","D2S441","11.3","12"
"Example_112","D19S433","13","13"
"Example_112","TH01","9","9"
"Example_112","FGA","22","24"
"Example_112","D22S1045","11","11"
"Example_112","D5S818","12","12"
"Example_112","D13S317","9","12"
"Example_112","D7S820","12","12"
"Example_112","SE33","19","20"
"Example_112","D10S1248","11","14"
"Example_112","D1S1656","12","13"
"Example_112","D12S391","19","19"
"Example_112","D2S1338","17","19"
"Example_113","D3S1358","16","17"
"Example_113","vWA","17","18"
"Example_113","D16S539","10","14"
"Example_113","CSF1PO","12","14"
"Example_113","TPOX","8","11"
"Example_113","Yindel","2",""
"Example_113","AMEL","X","Y"
"Example_113","D8S1179","10","14"
"Example_113","D21S11","29","30"
"Example_113","D18S51","14","16"
"Example_113","DYS391","10",""
"Example_113","D2S441","10","11"
"Example_113","D19S433","14","14"
"Example_113","TH01","6","9"
"Example_113","FGA","22","22"
"Example_113","D22S1045","11","17"
"Example_113","D5S818","11","11"
"Example_113","D13S317","8","9"
"Example_113","D7S820","10","11"
"Example_113","SE33","17","25.2"
"Example_113","D10S1248","14","15"
"Example_113","D1S1656","16","16"
"Example_113","D12S391","18","18"
"Example_113","D2S1338","20","22"
"Example_114","D3S1358","16","17"
"Example_114","vWA","17","17"
"Example_114","D16S539","9","9"
"Example_114","CSF1PO","10","12"
"Example_114","TPOX","11","11"
"Example_114","Yindel","1",""
"Example_114","AMEL","X","Y"
"Example_114","D8S1179","11","14"
"Example_114","D21S11","29","30"
"Example_114","D18S51","17","18"
"Example_114","DYS391","11",""
"Example_114","D2S441","10","14"
"Example_114","D19S433","14","15"
"Example_114","TH01","6","7"
"Example_114","FGA","20","24"
"Example_114","D22S1045","15","16"
"Example_114","D5S818","10","10"
"Example_114","D13S317","8","11"
"Example_114","D7S820","8","11"
"Example_114","SE33","20","22"
"Example_114","D10S1248","13","13"
"Example_114","D1S1656","15","15"
"Example_114","D12S391","18","21"
"Example_114","D2S1338","21","22"
"Example_115","D3S1358","15","15"
"Example_115","vWA","14","18"
"Example_115","D16S539","10","10"
"Example_115","CSF1PO","12","13"
"Example_115","TPOX","8","8"
"Example_115","Yindel","2",""
"Example_115","AMEL","X","Y"
"Example_115","D8S1179","10","13"
"Example_115","D21S11","30","32"
"Example_115","D18S51","15","17"
"Example_115","DYS391","10",""
"Example_115","D2S441","11","14"
"Example_115","D19S433","13","14.2"
"Example_115","TH01","9","9"
"Example_115","FGA","20","20"
"Example_115","D22S1045","11","15"
"Example_115","D5S818","9","11"
"Example_115","D13S317","8","8"
"Example_115","D7S820","11","12"
"Example_115","SE33","24.2","32.2"
"Example_115","D10S1248","15","15"
"Example_115","D1S1656","15","16"
"Example_115","D12S391","17","26"
"Example_115","D2S1338","23","25"
"Example_116","D3S1358","16","17"
"Example_116","vWA","18","18"
"Example_116","D16S539","9","10"
"Example_116","CSF1PO","11","12"
"Example_116","TPOX","8","9"
"Example_116","Yindel","1",""
"Example_116","AMEL","X","Y"
"Example_116","D8S1179","12","12"
"Example_116","D21S11","30","31"
"Example_116","D18S51","14","14"
"Example_116","DYS391","10",""
"Example_116","D2S441","10","14"
"Example_116","D19S433","14","14"
"Example_116","TH01","8","9"
"Example_116","FGA","21","25"
"Example_116","D22S1045","11","15"
"Example_116","D5S818","13","14"
"Example_116","D13S317","9","11"
"Example_116","D7S820","11","14"
"Example_116","SE33","18","18"
"Example_116","D10S1248","13","15"
"Example_116","D1S1656","15","19.3"
"Example_116","D12S391","18","20"
"Example_116","D2S1338","23","26"
"Example_117","D3S1358","17","18"
"Example_117","vWA","18","18"
"Example_117","D16S539","9","13"
"Example_117","CSF1PO","12","13"
"Example_117","TPOX","8","8"
"Example_117","Yindel","2",""
"Example_117","AMEL","X","Y"
"Example_117","D8S1179","10","10"
"Example_117","D21S11","29","29"
"Example_117","D18S51","15","15"
"Example_117","DYS391","11",""
"Example_117","D2S441","10","11"
"Example_117","D19S433","14","15.2"
"Example_117","TH01","7","9"
"Example_117","FGA","24","25"
"Example_117","D22S1045","16","17"
"Example_117","D5S818","12","12"
"Example_117","D13S317","9","12"
"Example_117","D7S820","12","12"
"Example_117","SE33","19","24.2"
"Example_117","D10S1248","12","16"
"Example_117","D1S1656","14","15"
"Example_117","D12S391","19","20"
"Example_117","D2S1338","18","21"
"Example_118","D3S1358","15","16"
"Example_118","vWA","15","18"
"Example_118","D16S539","9","11"
"Example_118","CSF1PO","10","12"
"Example_118","TPOX","10","11"
"Example_118","Yindel","2",""
"Example_118","AMEL","X","Y"
"Example_118","D8S1179","13","14"
"Example_118","D21S11","32.2","32.2"
"Example_118","D18S51","14","15"
"Example_118","DYS391","10",""
"Example_118","D2S441","11.3","12"
"Example_118","D19S433","13","14"
"Example_118","TH01","5","7"
"Example_118","FGA","23","24"
"Example_118","D22S1045","17","17"
"Example_118","D5S818","11","12"
"Example_118","D13S317","11","12"
"Example_118","D7S820","10","10"
"Example_118","SE33","22","31.2"
"Example_118","D10S1248","14","16"
"Example_118","D1S1656","13","17"
"Example_118","D12S391","18","20"
"Example_118","D2S1338","18","20"
"Example_119","D3S1358","14","16"
"Example_119","vWA","16","17"
"Example_119","D16S539","9","10"
"Example_119","CSF1PO","10","11"
"Example_119","TPOX","11","11"
"Example_119","Yindel","1",""
"Example_119","AMEL","X","Y"
"Example_119","D8S1179","11","15"
"Example_119","D21S11","30","32.2"
"Example_119","D18S51","13","15"
"Example_119","DYS391","10",""
"Example_119","D2S441","12","12"
"Example_119","D19S433","13","15.2"
"Example_119","TH01","7","8"
"Example_119","FGA","21","23"
"Example_119","D22S1045","15","17"
"Example_119","D5S818","10","13"
"Example_119","D13S317","11","12"
"Example_119","D7S820","8","10"
"Example_119","SE33","21","24.2"
"Example_119","D10S1248","13","16"
"Example_119","D1S1656","13","18"
"Example_119","D12S391","18","20"
"Example_119","D2S1338","18","22"
"Example_120","D3S1358","15","18"
"Example_120","vWA","14","18"
"Example_120","D16S539","9","9"
"Example_120","CSF1PO","12","12"
"Example_120","TPOX","8","11"
"Example_120","Yindel","2",""
"Example_120","AMEL","X","Y"
"Example_120","D8S1179","13","15"
"Example_120","D21S11","28","31.2"
"Example_120","D18S51","15","17"
"Example_120","DYS391","10",""
"Example_120","D2S441","11","14"
"Example_120","D19S433","14","15.2"
"Example_120","TH01","6","7"
"Example_120","FGA","20","22"
"Example_120","D22S1045","11","11"
"Example_120","D5S818","9","10"
"Example_120","D13S317","8","11"
"Example_120","D7S820","11","12"
"Example_120","SE33","15","22"
"Example_120","D10S1248","13","14"
"Example_120","D1S1656","13","14"
"Example_120","D12S391","19","19"
"Example_120","D2S1338","19","26"
