Marker,Allele,Repeat Region,Flanking Region,Count
D1S1656,10,[TCTA]10,,13
D1S1656,10,CCTA [TCTA]9,,2
D1S1656,11,[TCTA]11,,100
D1S1656,11,CCTA [TCTA]10,,6
D1S1656,12,CCTA [TCTA]11,,98
D1S1656,12,[TCTA]12,,81
D1S1656,13,[TCTA]13,,130
D1S1656,13,CCTA [TCTA]12,,58
D1S1656,13,TCTA GCTA [TCTA]11,,9
D1S1656,14,CCTA [TCTA]13,,238
D1S1656,14,[TCTA]14,,61
D1S1656,14,CCTA [TCTA]13,rs1019813099,1
D1S1656,14.3,CCTA [TCTA]9 TCA [TCTA]4,,5
D1S1656,14.3,CCTA [TCTA]11 TCA [TCTA]2,,4
D1S1656,15,CCTA [TCTA]14,,291
D1S1656,15,[TCTA]15,,43
D1S1656,15,CTTA [TCTA]14,,1
D1S1656,15.3,CCTA [TCTA]10 TCA [TCTA]4,,58
D1S1656,15.3,CCTA [TCTA]11 TCA [TCTA]3,,28
D1S1656,16,CCTA [TCTA]15,,274
D1S1656,16,[TCTA]16,,12
D1S1656,16,CTTA [TCTA]15,,9
D1S1656,16.3,CCTA [TCTA]11 TCA [TCTA]4,,138
D1S1656,16.3,CCTA [TCTA]12 TCA [TCTA]3,,3
D1S1656,17,CCTA [TCTA]16,,81
D1S1656,17,CTTA [TCTA]16,,5
D1S1656,17,[TCTA]17,,1
D1S1656,17.3,CCTA [TCTA]12 TCA [TCTA]4,,215
D1S1656,17.3,[TCTA]13 TCA [TCTA]4,,1
D1S1656,17.3,CCTA [TCTA]12 TCA TCTG [TCTA]3,,1
D1S1656,18,CCTA [TCTA]17,,12
D1S1656,18.3,CCTA [TCTA]13 TCA [TCTA]4,,74
D1S1656,19.3,CCTA [TCTA]14 TCA [TCTA]4,,19
TPOX,5,[AATG]5,,1
TPOX,6,[AATG]6,,66
TPOX,7,[AATG]7,,15
TPOX,8,[AATG]8,,965
TPOX,9,[AATG]9,,285
TPOX,10,[AATG]10,,124
TPOX,11,[AATG]11,,505
TPOX,11,[AATG]10 TATG,,1
TPOX,12,[AATG]12,,106
TPOX,13,[AATG]13,,2
D2S441,8,[TCTA]8,,1
D2S441,9,[TCTA]9,,3
D2S441,9.1,A [TCTA]9,rs74640515?,2
D2S441,10,[TCTA]8 TCTG TCTA,,272
D2S441,10,[TCTA]10,,119
D2S441,10,[TCTA]10,rs74640515?,30
D2S441,11,[TCTA]11,,612
D2S441,11,[TCTA]9 TCTG TCTA,,57
D2S441,11,[TCTA]11,rs74640515?,36
D2S441,11.3,[TCTA]4 TCA [TCTA]7,,99
D2S441,11.3,[TCTA]3 TCA [TCTA]8,,2
D2S441,12,[TCTA]12,,196
D2S441,12,[TCTA]10 TCTG TCTA,,7
D2S441,12,[TCTA]9 TTTA [TCTA]2,,2
D2S441,12,[TCTA]12,rs74640515?,1
D2S441,12.3,[TCTA]4 TCA [TCTA]8,,9
D2S441,13,[TCTA]10 TTTA [TCTA]2 ,,53
D2S441,13,[TCTA]13 ,,11
D2S441,13,[TCTA]11 TCTG TCTA ,,3
D2S441,13.3,[TCTA]3 TCA [TCTA]10 ,,1
D2S441,13.3,[TCTA]4 TCA [TCTA]6 TTTA [TCTA]2 ,,1
D2S441,14,[TCTA]11 TTTA [TCTA]2 ,,470
D2S441,14.3,[TCTA]3 TCA [TCTA]11 ,,1
D2S441,15,[TCTA]12 TTTA [TCTA]2 ,,81
D2S441,16,[TCTA]13 TTTA [TCTA]2 ,,2
D2S441,17,[TCTA]14 TTTA [TCTA]2 ,,1
D2S1338,15,[GGAA]10 [GGCA]5,,2
D2S1338,16,[GGAA]10 [GGCA]6,,45
D2S1338,16,[GGAA]12 [GGCA]4,,30
D2S1338,16,[GGAA]9 [GGCA]7,,4
D2S1338,16,[GGAA]11 [GGCA]5,,4
D2S1338,17,[GGAA]11 [GGCA]6,,283
D2S1338,17,[GGAA]13 [GGCA]4,,6
D2S1338,17,[GGAA]10 [GGCA]7,,3
D2S1338,17,[GGAA]12 [GGCA]5,,2
D2S1338,18,[GGAA]12 [GGCA]6,,82
D2S1338,18,[GGAA]11 [GGCA]7,,52
D2S1338,18,[GGAA]14 [GGCA]4,,5
D2S1338,18,[GGAA]13 [GGCA]5,,4
D2S1338,18,[GGAA]8 GAAA [GGAA]2 [GGCA]7,,2
D2S1338,18,[GGAA]15 [GGCA]3,,1
D2S1338,19,[GGAA]12 [GGCA]7,,223
D2S1338,19,[GGAA]13 [GGCA]6,,69
D2S1338,19,[GGAA]11 [GGCA]8,,5
D2S1338,19,[GGAA]14 [GGCA]5,,5
D2S1338,19,[GGAA]2 GGAC [GGAA]10 [GGCA]6,,3
D2S1338,19,[GGAA]9 GAAA [GGAA]2 [GGCA]7,,1
D2S1338,19,[GGAA]11 GGGA [GGCA]7,,1
D2S1338,19,[GGAA]16 [GGCA]3,,1
D2S1338,20,[GGAA]13 [GGCA]7,,185
D2S1338,20,[GGAA]2 GGAC [GGAA]10 [GGCA]7,,25
D2S1338,20,[GGAA]14 [GGCA]6,,19
D2S1338,20,[GGAA]10 GAAA [GGAA]2 [GGCA]7,,18
D2S1338,20,[GGAA]12 GGGA [GGCA]7,,14
D2S1338,20,[GGAA]12 [GGCA]8,,9
D2S1338,20,[GGAA]16 [GGCA]4,,2
D2S1338,20,[GGAA]2 GGAC [GGAA]11 [GGCA]6,,1
D2S1338,20,[GGAA]2 GGAC [GGAA]9 AGAA [GGCA]7,,1
D2S1338,20,[GGAA]15 [GGCA]5,,1
D2S1338,21,[GGAA]14 [GGCA]7,,53
D2S1338,21,[GGAA]2 GGAC [GGAA]11 [GGCA]7,,48
D2S1338,21,[GGAA]13 [GGCA]8,,17
D2S1338,21,[GGAA]2 GGAC [GGAA]12 [GGCA]6,,14
D2S1338,21,[GGAA]15 [GGCA]6,,3
D2S1338,21,[GGAA]12 [GGCA]9,,1
D2S1338,21,[GGAA]16 [GGCA]5,,1
D2S1338,21,[GGAA]17 [GGCA]4,,1
D2S1338,22,[GGAA]2 GGAC [GGAA]12 [GGCA]7,,85
D2S1338,22,[GGAA]2 GGAC [GGAA]13 [GGCA]6,,30
D2S1338,22,[GGAA]15 [GGCA]7,,21
D2S1338,22,[GGAA]14 [GGCA]8,,9
D2S1338,22,[GGAA]13 [GGCA]9,,8
D2S1338,22,[GGAA]16 [GGCA]6,,2
D2S1338,22,[GGAA]2 GGAC [GGAA]14 [GGCA]5,,1
D2S1338,23,[GGAA]2 GGAC [GGAA]13 [GGCA]7,,199
D2S1338,23,[GGAA]2 GGAC [GGAA]14 [GGCA]6,,27
D2S1338,23,[GGAA]16 [GGCA]7,,6
D2S1338,23,[GGAA]14 [GGCA]9,,5
D2S1338,23,[GGAA]2 GGAC [GGAA]12 [GGCA]8,,4
D2S1338,23,[GGAA]15 [GGCA]8,,4
D2S1338,24,[GGAA]2 GGAC [GGAA]14 [GGCA]7,,173
D2S1338,24,[GGAA]2 GGAC [GGAA]15 [GGCA]6,,22
D2S1338,24,[GGAA]2 GGAC [GGAA]13 [GGCA]8,,5
D2S1338,24,[GGAA]15 [GGCA]9,,1
D2S1338,25,[GGAA]2 GGAC [GGAA]15 [GGCA]7,,152
D2S1338,25,[GGAA]2 GGAC [GGAA]14 [GGCA]8,,15
D2S1338,25,[GGAA]2 GGAC [GGAA]16 [GGCA]6,,6
D2S1338,26,[GGAA]2 GGAC [GGAA]16 [GGCA]7,,37
D2S1338,26,[GGAA]2 GGAC [GGAA]15 [GGCA]8,,6
D2S1338,26,[GGAA]2 GGAC [GGAA]17 [GGCA]6,,3
D2S1338,26,[GGAA]2 GGAC [GGAA]18 [GGCA]5,,1
D2S1338,27,[GGAA]2 GGAC [GGAA]17 [GGCA]7,,3
D2S1338,27,[GGAA]2 GGAC [GGAA]16 [GGCA]8,,1
D3S1358,11,TCTA [TCTG]2 [TCTA]8,,1
D3S1358,12,TCTA TCTG [TCTA]10,,3
D3S1358,13,TCTA [TCTG]2 [TCTA]10,,4
D3S1358,13,TCTA TCTG [TCTA]11,,2
D3S1358,14,TCTA [TCTG]2 [TCTA]11,,142
D3S1358,14,TCTA TCTG [TCTA]12,,35
D3S1358,14,TCTA [TCTG]3 [TCTA]10,,3
D3S1358,14,TCTA [TCTG]2 [TCTA]7 TGTA [TCTA]3,,1
D3S1358,15,TCTA [TCTG]2 [TCTA]12,,429
D3S1358,15,TCTA TCTG [TCTA]13,,173
D3S1358,15,TCTA [TCTG]3 [TCTA]11,,27
D3S1358,15,TCTA [TCTG]2 [TCTA]8 TCTG [TCTA]3,,1
D3S1358,15,TCTA [TCTG]3 [TCTA]5 TCTG [TCTA]5,,1
D3S1358,15.2,TCTA [TCTG]3 TC [TCTA]11,,1
D3S1358,16,TCTA [TCTG]2 [TCTA]13,,290
D3S1358,16,TCTA [TCTG]3 [TCTA]12,,158
D3S1358,16,TCTA TCTG [TCTA]14,,135
D3S1358,16,TCTA [TCTG]3 TCTA TCTG [TCTA]10,,2
D3S1358,16,TCTA [TCTG]4 [TCTA]11,,1
D3S1358,17,TCTA [TCTG]3 [TCTA]13,,198
D3S1358,17,TCTA [TCTG]2 [TCTA]14,,192
D3S1358,17,TCTA TCTG [TCTA]15,,29
D3S1358,17,TCTA [TCTG]4 [TCTA]12,,3
D3S1358,17,TCTA TCTC TCTG [TCTA]14,,1
D3S1358,18,TCTA [TCTG]3 [TCTA]14,,197
D3S1358,18,TCTA [TCTG]2 [TCTA]15,,18
D3S1358,18,TCTA TCTG [TCTA]16,,3
D3S1358,18,TCTA [TCTG]4 [TCTA]13,,1
D3S1358,19,TCTA [TCTG]3 [TCTA]15,,19
D3S1358,20,TCTA [TCTG]2 [TCTA]17,,1
D3S1358,20,TCTA [TCTG]3 [TCTA]16,,1
D4S2408,7,[ATCT]7,,2
D4S2408,8,[ATCT]8,,387
D4S2408,9,[ATCT]9,,532
D4S2408,9,ATCT GTCT [ATCT]7,,105
D4S2408,10,[ATCT]10,,485
D4S2408,11,[ATCT]11,,441
D4S2408,12,[ATCT]12,,112
D4S2408,12,[ATCT]8 CTCT [ATCT]3,,2
D4S2408,13,[ATCT]13,,6
FGA,16.2,[GGAA]2 GGAG [AAAG]9  AA AAAA [GAAA]3,,1
FGA,17,[GGAA]2 GGAG [AAAG]9  AGAA AAAA [GAAA]3,,3
FGA,17.2,[GGAA]2 GGAG [AAAG]10 AA AAAA [GAAA]3,,1
FGA,18,[GGAA]2 GGAG [AAAG]10 AGAA AAAA [GAAA]3,,30
FGA,18.2,[GGAA]2 GGAG [AAAG]11 AA AAAA [GAAA]3,,12
FGA,19,[GGAA]2 GGAG [AAAG]11 AGAA AAAA [GAAA]3,,120
FGA,19.2,[GGAA]2 GGAG [AAAG]12 AA AAAA [GAAA]3,,2
FGA,20,[GGAA]2 GGAG [AAAG]12 AGAA AAAA [GAAA]3,,183
FGA,21,[GGAA]2 GGAG [AAAG]13 AGAA AAAA [GAAA]3,,304
FGA,21,[GGAA]2 GGAG [AAAG]13 AGAA AAAA GAAA AAAA GAAA,,1
FGA,21.2,[GGAA]2 GGAG [AAAG]14 AA AAAA [GAAA]3,,4
FGA,22,[GGAA]2 GGAG [AAAG]14 AGAA AAAA [GAAA]3,,408
FGA,22,[GGAA]2 GGAG [AAAG]5 AAGG [AAAG]8 AGAA AAAA [GAAA]3,,1
FGA,22.2,[GGAA]2 GGAG [AAAG]15 AA AAAA [GAAA]3,,14
FGA,22.3,[GGAA]2 GGAG AAAG AAG [AAAG]13 AGAA AAAA [GAAA]3,,1
FGA,23,[GGAA]2 GGAG [AAAG]15 AGAA AAAA [GAAA]3,,320
FGA,23,[GGAA]2 GGAG [AAAG]5 AAGG [AAAG]9 AGAA AAAA [GAAA]3,,2
FGA,23,[GGAA]2 GGAG [AAAG]15 AGAA AAAA GAAA GCAA GAAA,,1
FGA,23.2,[GGAA]2 GGAG [AAAG]16 AA AAAA [GAAA]3,,4
FGA,23.2,[GGAA]2 GGAG [AAAG]11 AG [AAAG]4 AGAA AAAA [GAAA]3,,1
FGA,24,[GGAA]2 GGAG [AAAG]16 AGAA AAAA [GAAA]3,,282
FGA,24,[GGAA]2 GGAG [AAAG]16 AGAA AAAA GAAA GCAA GAAA,,2
FGA,24.2,[GGAA]2 GGAG [AAAG]17 AA AAAA [GAAA]3,,2
FGA,25,[GGAA]2 GGAG [AAAG]17 AGAA AAAA [GAAA]3,,205
FGA,25,[GGAA]2 GGAG AAAG AAAC [AAAG]15 AGAA AAAA [GAAA]3,,3
FGA,25.2,[GGAA]2 GGAG [AAAG]18 AA AAAA [GAAA]3,,1
FGA,26,[GGAA]2 GGAG [AAAG]18 AGAA AAAA [GAAA]3,,87
FGA,26,[GGAA]2 GGAG [AAAG]5 AAGG [AAAG]12 AGAA AAAA [GAAA]3,,12
FGA,26,[GGAA]2 GGAG AAAG AAAC [AAAG]16 AGAA AAAA [GAAA]3,,2
FGA,26,[GGAA]2 GGAG [AAAG]18 GGAA AAAA [GAAA]3,,1
FGA,27,[GGAA]2 GGAG [AAAG]19 AGAA AAAA [GAAA]3,,22
FGA,27,[GGAA]2 GGAG [AAAG]5 AAGG [AAAG]13 AGAA AAAA [GAAA]3,,19
FGA,28,[GGAA]2 GGAG [AAAG]5 AAGG [AAAG]14 AGAA AAAA [GAAA]3,,10
FGA,28,[GGAA]2 GGAG [AAAG]20 AGAA AAAA [GAAA]3,,1
FGA,29,[GGAA]2 GGAG [AAAG]5 AAGG [AAAG]15 AGAA AAAA [GAAA]3,,4
FGA,29,[GGAA]2 GGAG [AAAG]21 AGAA AAAA [GAAA]3,,1
FGA,30,[GGAA]2 GGAG [AAAG]5 AAGG [AAAG]16 AGAA AAAA [GAAA]3,,2
FGA,30.2,[GGAA]4 GGAG [AAAG]3 [GAAG]3 [AAAG]14 AA AAAA [GAAA]4,,1
FGA,31.2,[GGAA]4 GGAG [AAAG]3 [GAAG]3 [AAAG]15 AA AAAA [GAAA]4,,1
FGA,43.2,[GGAA]4 GGAG [AAAG]3 [GAAG]2 [AAAG]13 [ACAG]5 [AAAG]10 AA AAAA [GAAA]4,,1
D5S818,7,[ATCT]7,,22
D5S818,8,[ATCT]8,rs73801920?,37
D5S818,8,[ATCT]8,,5
D5S818,9,[ATCT]9,rs73801920?,90
D5S818,9,[ATCT]9,,6
D5S818,10,[ATCT]10,,120
D5S818,10,[ATCT]10,rs73801920?,41
D5S818,11,[ATCT]11,,595
D5S818,11,[ATCT]11,rs73801920?,59
D5S818,12,[ATCT]12,,526
D5S818,12,[ATCT]12,rs73801920?,206
D5S818,13,[ATCT]13,,239
D5S818,13,[ATCT]13,rs73801920?,80
D5S818,13,[ATCT]3 ATGT [ATCT]9,,19
D5S818,14,[ATCT]14,,17
D5S818,14,[ATCT]14,rs73801920?,4
D5S818,14,[ATCT]3 ATGT [ATCT]10,,2
D5S818,15,[ATCT]15,,3
D5S818,15,[ATCT]3 ATGT [ATCT]11,,1
CSF1PO,7,[ATCT]7,,47
CSF1PO,7,[ATCT]3 CTCT [ATCT]3,,1
CSF1PO,8,[ATCT]8,,44
CSF1PO,9,[ATCT]9,,61
CSF1PO,10,[ATCT]10,,480
CSF1PO,10,[ATCT]9 ACCT,,1
CSF1PO,11,[ATCT]11,,564
CSF1PO,11,[ATCT]7 ACCT [ATCT]3,,2
CSF1PO,11,[ATCT]11,rs767360425,1
CSF1PO,12,[ATCT]12,,712
CSF1PO,12,[ATCT]8 ACCT [ATCT]3,,2
CSF1PO,13,[ATCT]13,,136
CSF1PO,14,[ATCT]14,,19
CSF1PO,15,[ATCT]15,,2
D6S1043,8,[ATCT]8,,1
D6S1043,9,[ATCT]9,,1
D6S1043,10,[ATCT]10,,24
D6S1043,11,[ATCT]11,,432
D6S1043,12,[ATCT]12,,444
D6S1043,12.3,[ATCT]5 ATC [ATCT]7,,1
D6S1043,13,[ATCT]13,,202
D6S1043,14,[ATCT]14,,169
D6S1043,14,ATCT ATGT [ATCT]12,,2
D6S1043,14,[ATCT]14,rs577490589,1
D6S1043,15,[ATCT]5 ATGT [ATCT]9,,37
D6S1043,15,[ATCT]15,,26
D6S1043,15,ATCT ATGT [ATCT]13,,4
D6S1043,16,[ATCT]5 ATGT [ATCT]10,,15
D6S1043,16,ATCT ATGT [ATCT]14,,1
D6S1043,17,[ATCT]5 ATGT [ATCT]11,,118
D6S1043,17,ATCT ATGT [ATCT]15,,1
D6S1043,17,[ATCT]5 ATGT [ATCT]8 ATGT [ATCT]2,,1
D6S1043,18,[ATCT]5 ATGT [ATCT]12,,220
D6S1043,18.1,[ATCT]3 ATCC T ATCT ATGT [ATCT]12,,1
D6S1043,18.3,[ATCT]4 ATGT [ATCT]2 ATC [ATCT]11,,1
D6S1043,19,[ATCT]5 ATGT [ATCT]13,,202
D6S1043,19,[ATCT]5 ATGT [ATCT]13,ss2137543823,1
D6S1043,19.3,[ATCT]5 ATGT [ATCT]2 ATC [ATCT]11,,2
D6S1043,20,[ATCT]5 ATGT [ATCT]14,,94
D6S1043,20,[ATCT]5 [ATGT]2 [ATCT]13,,1
D6S1043,20.3,[ATCT]5 ATGT [ATCT]2 ATC [ATCT]12,,5
D6S1043,21,[ATCT]5 ATGT [ATCT]15,,19
D6S1043,21,[ATCT]6 ATGT [ATCT]14,,4
D6S1043,21.3,[ATCT]5 ATGT [ATCT]2 ATC [ATCT]13,,21
D6S1043,22,[ATCT]5 ATGT [ATCT]16,,1
D6S1043,22.3,[ATCT]5 ATGT [ATCT]2 ATC [ATCT]14,,6
D6S1043,23,[ATCT]6 ATGT [ATCT]4 ATGT [ATCT]11,,7
D6S1043,23.3,[ATCT]5 ATGT [ATCT]2 ATC [ATCT]15,,1
D6S1043,24,[ATCT]7 ATGT [ATCT]4 ATGT [ATCT]11,,2
D6S1043,24,[ATCT]6 ATGT [ATCT]4 ATGT [ATCT]12,,2
D6S1043,25,[ATCT]6 ATGT [ATCT]4 ATGT [ATCT]13,,1
D6S1043,26,[ATCT]6 ATGT [ATCT]4 ATGT [ATCT]14,,1
D7S820,6,[TATC]6,rs7789995,1
D7S820,7,[TATC]7,rs7789995,25
D7S820,7,[TATC]7,"rs7789995, rs16887642",9
D7S820,8,[TATC]8,rs7789995,197
D7S820,8,[TATC]8,"rs7789995, rs16887642",146
D7S820,8.1,[TATC]8,"rs7789995, ss2137543824, rs16887642",1
D7S820,9,[TATC]9,rs7789995,205
D7S820,9,[TATC]9,"rs7789995, rs16887642",45
D7S820,9,[TATC]9,,2
D7S820,10,[TATC]10,rs7789995,538
D7S820,10,[TATC]10,,46
D7S820,10,[TATC]10,"rs7789995, rs16887642",26
D7S820,10,[TATC]9 TATT,rs7789995,1
D7S820,10.3,[TATC]11,rs897512434??,1
D7S820,11,[TATC]11,rs7789995,443
D7S820,11,[TATC]11,,37
D7S820,11,[TATC]11,"rs7789995, rs16887642",5
D7S820,11,[TATC]6 TGTC [TATC]4 ,rs7789995,1
D7S820,12,[TATC]12,rs7789995,230
D7S820,12,[TATC]12,,50
D7S820,12,[TATC]12,"rs7789995, rs16887642",2
D7S820,13,[TATC]13,rs7789995,49
D7S820,13,[TATC]13,,8
D7S820,14,[TATC]14,rs7789995,2
D7S820,14,[TATC]14,,2
D8S1179,8,[TCTA]8,,22
D8S1179,9,[TCTA]9,,10
D8S1179,10,[TCTA]10,,163
D8S1179,11,[TCTA]11,,127
D8S1179,11,[TCTA]2 TCTG [TCTA]8,,10
D8S1179,11,TCTA TCTG [TCTA]9,,2
D8S1179,12,[TCTA]12,,226
D8S1179,12,[TCTA]2 TCTG [TCTA]9,,48
D8S1179,12,TCTA TCTG [TCTA]10,,20
D8S1179,13,TCTA TCTG [TCTA]11,,389
D8S1179,13,[TCTA]13,,116
D8S1179,13,[TCTA]2 TCTG [TCTA]10,,45
D8S1179,13,[TCTA]2 [TCTG]2 [TCTA]9,,2
D8S1179,13,TCTA TCTG TGTA [TCTA]10,,2
D8S1179,13,TCTA [TCTG]2 [TCTA]10,,1
D8S1179,13,TCTA TCTG [TCTA]9 TCCA TCTA,,1
D8S1179,14,TCTA TCTG [TCTA]12,,318
D8S1179,14,[TCTA]2 TCTG [TCTA]11,,109
D8S1179,14,[TCTA]14,,53
D8S1179,14,TCTA TCTG TGTA [TCTA]11,,4
D8S1179,15,[TCTA]2 TCTG [TCTA]12,,197
D8S1179,15,TCTA TCTG [TCTA]13,,76
D8S1179,15,[TCTA]2 [TCTG]2 [TCTA]11,,11
D8S1179,15,[TCTA]15,,5
D8S1179,15,TCTA [TCTG]3 [TCTA]11,,2
D8S1179,16,[TCTA]2 TCTG [TCTA]13,,79
D8S1179,16,TCTA TCTG [TCTA]14,,12
D8S1179,16,[TCTA]2 [TCTG]2 [TCTA]12,,9
D8S1179,16,[TCTA]16,,1
D8S1179,17,[TCTA]2 TCTG [TCTA]14,,7
D8S1179,17,TCTA TCTG [TCTA]15,,1
D8S1179,18,[TCTA]2 TCTG [TCTA]15,,3
D8S1179,18,[TCTA]2 [TCTG]2 [TCTA]14,,1
D9S1122,9,TAGA TCGA [TAGA]7,,23
D9S1122,9,[TAGA]9,,6
D9S1122,10,[TAGA]10,,32
D9S1122,10,TAGA TCGA [TAGA]8,,9
D9S1122,10,[TAGA]9 TACA,,1
D9S1122,11,[TAGA]11,,199
D9S1122,11,TAGA TCGA [TAGA]9,,133
D9S1122,11.2,TAGA TCGA [TAGA]10,rs754976988,1
D9S1122,12,TAGA TCGA [TAGA]10,,541
D9S1122,12,[TAGA]12,,260
D9S1122,13,TAGA TCGA [TAGA]11,,572
D9S1122,13,[TAGA]13,,129
D9S1122,13,TAGA [TCGA]2 [TAGA]10,,1
D9S1122,14,TAGA TCGA [TAGA]12,,113
D9S1122,14,[TAGA]14,,25
D9S1122,15,TAGA TCGA [TAGA]13,,16
D9S1122,15,[TAGA]15,,1
D9S1122,16,TAGA TCGA [TAGA]14,,6
D9S1122,16,[TAGA]16,,1
D9S1122,17,TAGA TCGA [TAGA]15,,1
D10S1248,8,[GGAA]8,,2
D10S1248,9,[GGAA]9,,2
D10S1248,10,[GGAA]10,,6
D10S1248,11,[GGAA]11,,27
D10S1248,12,[GGAA]12,,149
D10S1248,13,[GGAA]13,,572
D10S1248,13,[GGAA]9 AGAA [GGAA]3 ,,1
D10S1248,14,[GGAA]14,,613
D10S1248,15,[GGAA]15,,417
D10S1248,16,[GGAA]16,,222
D10S1248,17,[GGAA]17,,55
D10S1248,18,[GGAA]18,,3
D10S1248,19,[GGAA]19,,3
TH01,5,[AATG]5,,4
TH01,6,[AATG]6,,406
TH01,7,[AATG]7,,609
TH01,7,[AATG]7,rs1051822965,2
TH01,8,[AATG]8,,260
TH01,9,[AATG]9,,349
TH01,9,AGTG [AATG]8 ,,1
TH01,9.3,[AATG]6 ATG [AATG]3 ,,426
TH01,10,[AATG]10,,14
TH01,11,[AATG]11,,1
vWA,11,[TAGA]7 [CAGA]3 TAGA,,3
vWA,12,[TAGA]7 [CAGA]4 TAGA,,1
vWA,12,[TAGA]7 [CAGA]4 TAGA,"rs771794429, rs199970098",1
vWA,13,[TAGA]8 [CAGA]4 TAGA,"rs771794429, rs199970098",3
vWA,13,[TAGA]9 [CAGA]3 TAGA,,2
vWA,13,[TAGA]8 [CAGA]4 TAGA,,2
vWA,14,[TAGA]3 TGGA [TAGA]3 [CAGA]4 TAGA CAGA TAGA,rs75219269,152
vWA,14,[TAGA]9 [CAGA]4 TAGA,,17
vWA,14,[TAGA]10 [CAGA]3 TAGA,,15
vWA,14,[TAGA]9 [CAGA]4 TAGA,"rs771794429, rs199970098",12
vWA,14,[TAGA]9 [CAGA]4 TAGA,rs199970098,2
vWA,15,[TAGA]10 [CAGA]4 TAGA,,148
vWA,15,[TAGA]11 [CAGA]3 TAGA,,126
vWA,15,TGGA [TAGA]3 TGGA [TAGA]3 [CAGA]4 TAGA CAGA TAGA,rs75219269,2
vWA,15,[TAGA]10 [CAGA]4 TAGA,"rs771794429, rs199970098",2
vWA,15,[TAGA]10 [CAGA]4 TAGA,rs199970098,1
vWA,16,[TAGA]11 [CAGA]4 TAGA,,393
vWA,16,[TAGA]12 [CAGA]3 TAGA,,84
vWA,17,[TAGA]12 [CAGA]4 TAGA,,493
vWA,17,[TAGA]13 [CAGA]3 TAGA,,46
vWA,17,[TAGA]11 [CAGA]5 TAGA,,3
vWA,17,[TAGA]13 [CAGA]4,,1
vWA,18,[TAGA]13 [CAGA]4 TAGA,,345
vWA,18,[TAGA]14 [CAGA]3 TAGA,,18
vWA,18,[TAGA]11 [CAGA]6 TAGA,,5
vWA,18,[TAGA]12 [CAGA]5 TAGA,,5
vWA,19,[TAGA]14 [CAGA]4 TAGA,,140
vWA,19,[TAGA]12 [CAGA]6 TAGA,,9
vWA,19,[TAGA]13 [CAGA]5 TAGA,,9
vWA,19,[TAGA]15 [CAGA]3 TAGA,,5
vWA,20,[TAGA]15 [CAGA]4 TAGA,,18
vWA,20,[TAGA]14 [CAGA]5 TAGA,,4
vWA,20,[TAGA]13 [CAGA]6 TAGA,,1
vWA,20,[TAGA]15 [CAGA]4 TAGT,,1
vWA,21,[TAGA]14 [CAGA]6 TAGA,,1
vWA,21,[TAGA]15 [CAGA]5 TAGA,,1
vWA,21,[TAGA]16 [CAGA]4 TAGA,,1
D12S391,14,[AGAT]7 [AGAC]6 AGAT ,,1
D12S391,15,[AGAT]8 [AGAC]6 AGAT ,,99
D12S391,15,[AGAT]9 [AGAC]5 AGAT ,,5
D12S391,15,[AGAT]6 [AGAC]8 AGAT ,,1
D12S391,16,[AGAT]9 [AGAC]6 AGAT ,,51
D12S391,16,[AGAT]10 [AGAC]5 AGAT ,,26
D12S391,16,[AGAT]8 [AGAC]7 AGAT ,,7
D12S391,17,[AGAT]10 [AGAC]6 AGAT ,,186
D12S391,17,[AGAT]11 [AGAC]5 AGAT ,,50
D12S391,17,[AGAT]9 [AGAC]7 AGAT ,,20
D12S391,17,[AGAT]12 [AGAC]4 AGAT ,,1
D12S391,17,[AGAT]11 [AGAC]5 AGAT ,rs138635218,1
D12S391,17.1,AGAT T [AGAT]9 [AGAC]6 AGAT ,,3
D12S391,17.3,AGAT GAT [AGAT]8 [AGAC]7 AGAT ,,26
D12S391,18,[AGAT]11 [AGAC]6 AGAT ,,362
D12S391,18,[AGAT]10 [AGAC]7 AGAT ,,38
D12S391,18,[AGAT]12 [AGAC]5 AGAT ,,25
D12S391,18,[AGAT]10 [AGAC]8 ,,3
D12S391,18,[AGAT]11 [AGAC]7 ,,2
D12S391,18,[AGAT]9 [AGAC]8 AGAT ,,1
D12S391,18,[AGAT]10 [AGAC]7 AGAT ,rs138635218,1
D12S391,18.1,AGAT T [AGAT]10 [AGAC]6 AGAT ,,1
D12S391,18.3,AGAT GAT [AGAT]9 [AGAC]7 AGAT ,,27
D12S391,19,[AGAT]12 [AGAC]6 AGAT ,,216
D12S391,19,[AGAT]11 [AGAC]7 AGAT ,,69
D12S391,19,[AGAT]11 [AGAC]8 ,,10
D12S391,19,[AGAT]13 [AGAC]5 AGAT ,,6
D12S391,19,[AGAT]10 [AGAC]8 AGAT ,,6
D12S391,19,[AGAT]12 [AGAC]7 ,,2
D12S391,19,[AGAT]12 [AGAC]6 AGAT ,rs138635218,2
D12S391,19,[AGAT]11 [AGAC]7 AGAT ,rs138635218,1
D12S391,19,[AGAT]13 [AGAC]6 ,,1
D12S391,19,AGGT [AGAT]11 [AGAC]6 AGAT ,,1
D12S391,19.1,AGAT T [AGAT]11 [AGAC]6 AGAT ,,7
D12S391,19.3,AGAT GAT [AGAT]10 [AGAC]7 AGAT ,,7
D12S391,19.3,[AGAT]5 GAT [AGAT]7 [AGAC]6 AGAT ,,2
D12S391,19.3,[AGAT]9 GAT [AGAT]3 [AGAC]6 AGAT ,,1
D12S391,20,[AGAT]12 [AGAC]7 AGAT ,,95
D12S391,20,[AGAT]13 [AGAC]6 AGAT ,,82
D12S391,20,[AGAT]11 [AGAC]9 ,,28
D12S391,20,[AGAT]12 [AGAC]8 ,,21
D12S391,20,[AGAT]11 [AGAC]8 AGAT ,,11
D12S391,20,[AGAT]13 [AGAC]7 ,,7
D12S391,20,[AGAT]13 [AGAC]6 AGAT ,rs138635218,7
D12S391,20,[AGAT]14 [AGAC]5 AGAT ,,5
D12S391,20,AGGT [AGAT]10 [AGAC]9 ,,3
D12S391,20,[AGAT]10 [AGAC]9 AGAT ,,2
D12S391,20,[AGAT]12 [AGAC]7 AGAT ,rs138635218,1
D12S391,20.1,AGAT T [AGAT]12 [AGAC]6 AGAT ,,2
D12S391,20.3,[AGAT]5 GAT [AGAT]8 [AGAC]6 AGAT ,,1
D12S391,21,[AGAT]12 [AGAC]9 ,,71
D12S391,21,[AGAT]13 [AGAC]8 ,,34
D12S391,21,[AGAT]14 [AGAC]6 AGAT ,,26
D12S391,21,[AGAT]13 [AGAC]7 AGAT ,,29
D12S391,21,[AGAT]12 [AGAC]8 AGAT ,,29
D12S391,21,[AGAT]11 [AGAC]10 ,,10
D12S391,21,[AGAT]14 [AGAC]6 AGAT ,rs138635218,4
D12S391,21,[AGAT]14 [AGAC]7 ,,2
D12S391,21,[AGAT]11 [AGAC]9 AGAT ,,2
D12S391,21,[AGAT]10 [AGAC]10 AGAT ,,1
D12S391,21,[AGAT]13 [AGAC]4 AGGC [AGAC]2 AGAT ,,1
D12S391,22,[AGAT]13 [AGAC]9 ,,52
D12S391,22,[AGAT]13 [AGAC]8 AGAT ,,35
D12S391,22,[AGAT]14 [AGAC]8 ,,16
D12S391,22,[AGAT]12 [AGAC]10 ,,14
D12S391,22,[AGAT]14 [AGAC]7 AGAT ,,12
D12S391,22,[AGAT]12 [AGAC]9 AGAT ,,3
D12S391,22,[AGAT]11 [AGAC]11 ,,3
D12S391,22,[AGAT]11 [AGAC]10 AGAT ,,1
D12S391,22,[AGAT]15 [AGAC]7 ,,1
D12S391,22.2,[AGAT]4 AT [AGAT]9 [AGAC]9 ,,1
D12S391,23,[AGAT]14 [AGAC]9 ,,43
D12S391,23,[AGAT]14 [AGAC]8 AGAT ,,29
D12S391,23,[AGAT]13 [AGAC]10 ,,17
D12S391,23,[AGAT]13 [AGAC]9 AGAT ,,10
D12S391,23,[AGAT]15 [AGAC]8 ,,2
D12S391,23,[AGAT]12 [AGAC]11 ,,1
D12S391,24,[AGAT]15 [AGAC]8 AGAT ,,23
D12S391,24,[AGAT]15 [AGAC]9 ,,16
D12S391,24,[AGAT]14 [AGAC]10 ,,7
D12S391,24,[AGAT]14 [AGAC]9 AGAT ,,3
D12S391,24,[AGAT]13 [AGAC]11 ,,3
D12S391,24,AGGT [AGAT]14 [AGAC]8 AGAT ,,1
D12S391,24.3,[AGAT]12 GAT [AGAT]3 [AGAC]9 ,,1
D12S391,25,[AGAT]16 [AGAC]8 AGAT ,,10
D12S391,25,[AGAT]15 [AGAC]9 AGAT ,,5
D12S391,25,[AGAT]16 [AGAC]9 ,,4
D12S391,25,[AGAT]15 [AGAC]10 ,,3
D12S391,25,AGGT [AGAT]15 [AGAC]8 AGAT ,,2
D12S391,26,[AGAT]17 [AGAC]8 AGAT ,,4
D12S391,26,[AGAT]16 [AGAC]10 ,,1
D12S391,26,[AGAT]17 [AGAC]9 ,,1
D12S391,26,AGGT [AGAT]16 [AGAC]8 AGAT ,,1
D12S391,27,[AGAT]18 [AGAC]8 AGAT ,,2
D12S391,27,AGGT [AGAT]17 [AGAC]8 AGAT ,,2
D12S391,27,[AGAT]18 [AGAC]9 ,,1
D13S317,8,[TATC]8,,198
D13S317,8,[TATC]9,"rs9546005, rs1442523705",1
D13S317,8,[TATC]9,"rs9546005, rs561167308",1
D13S317,9,[TATC]9,,166
D13S317,9,[TATC]10,"rs9546005, rs561167308",8
D13S317,9,[TATC]9,rs9546005,7
D13S317,9,[TATC]8 AATC,,1
D13S317,9,[TATC]10,"rs9546005, rs1442523705",3
D13S317,10,[TATC]10,,63
D13S317,10,[TATC]10,rs9546005,55
D13S317,10,[TATC]10,"rs9546005, rs202043589",1
D13S317,10,[TATC]10,"rs146621667, rs9546005",1
D13S317,10,[TATC]10,rs768323113,1
D13S317,10,[TATC]11,"rs9546005, rs561167308",1
D13S317,11,[TATC]11,,284
D13S317,11,[TATC]11,rs9546005,295
D13S317,11,[TATC]11,"rs73250432, rs9546005",16
D13S317,11,[TATC]11,"rs9546005, rs202043589",4
D13S317,11,[TATC]11,"rs146621667, rs9546005",1
D13S317,11,[TATC]8 TGTC [TATC]2,rs9546005,1
D13S317,11,[TATC]12,"rs9546005, rs561167308",1
D13S317,12,[TATC]12,,376
D13S317,12,[TATC]12,rs9546005,245
D13S317,12,[TATC]12,"rs73250432, rs9546005",6
D13S317,12,[TATC]12,"rs146621667, rs9546005",2
D13S317,12,[TATC]12,ss2137543825,2
D13S317,12,[TATC]7 TATT [TATC]4,rs9546005,1
D13S317,13,[TATC]13,,160
D13S317,13,[TATC]13,rs9546005,79
D13S317,13,[TATC]13,"rs146621667, rs9546005",1
D13S317,13,[TATC]13,"rs9546005, rs202043589",1
D13S317,14,[TATC]14,,74
D13S317,14,[TATC]14,rs9546005,13
D13S317,15,[TATC]15,,2
D13S317,15,[TATC]15,rs9546005,1
Penta E,5,[TCTTT]5,,151
Penta E,6,[TCTTT]6,,1
Penta E,7,[TCTTT]7,,248
Penta E,8,[TCTTT]8,,137
Penta E,9,[TCTTT]9,,57
Penta E,10,[TCTTT]10,,146
Penta E,11,[TCTTT]11,,174
Penta E,12,[TCTTT]12,,330
Penta E,13,[TCTTT]13,,187
Penta E,14,[TCTTT]14,,136
Penta E,15,[TCTTT]15,,135
Penta E,15,TATTT [TCTTT]14 ,,1
Penta E,15.4,[TCTTT]15 TCTT,,2
Penta E,16,[TCTTT]16,,99
Penta E,16,TATTT [TCTTT]15 ,,5
Penta E,16,TCTTT CCTTT [TCTTT]14 ,,1
Penta E,17,[TCTTT]17,,100
Penta E,17,[TCTTT]13 TCCTT [TCTTT]3 ,,4
Penta E,17,TATTT [TCTTT]16 ,,3
Penta E,18,[TCTTT]18,,65
Penta E,18,[TCTTT]14 TCCTT [TCTTT]3 ,,1
Penta E,19,[TCTTT]19,,34
Penta E,19.4,[TCTTT]13 TTTT [TCTTT]6 ,,2
Penta E,20,[TCTTT]20,,24
Penta E,21,[TCTTT]21,,9
Penta E,22,[TCTTT]22,,8
Penta E,23,[TCTTT]23,,7
Penta E,24,[TCTTT]24,,1
Penta E,25,[TCTTT]25,,4
D16S539,5,[GATA]5,rs11642858,1
D16S539,8,[GATA]8,,44
D16S539,9,[GATA]9,rs11642858,235
D16S539,9,[GATA]9,,100
D16S539,9,GGTA [GATA]8,,1
D16S539,9,[GATA]9,rs563997442,1
D16S539,10,[GATA]10,rs11642858,160
D16S539,10,[GATA]10,,63
D16S539,10,[GATA]5 GACA [GATA]4,,1
D16S539,11,[GATA]11,,559
D16S539,11,[GATA]11,rs11642858,36
D16S539,11,[GATA]11,rs114697632,9
D16S539,12,[GATA]12,,526
D16S539,12,[GATA]12,rs11642858,5
D16S539,12,[GATA]12,rs114697632,1
D16S539,13,[GATA]13,,284
D16S539,14,[GATA]14,,44
D16S539,14,[GATA]14,rs11642858,1
D16S539,15,[GATA]15,,1
D17S1301,8,[AGAT]8,,1
D17S1301,9,[AGAT]9,,10
D17S1301,10,[AGAT]10,,62
D17S1301,11,[AGAT]11,,582
D17S1301,11,[AGAT]10 CGAT,,4
D17S1301,12,[AGAT]12,,946
D17S1301,13,[AGAT]13,,367
D17S1301,13,[AGAT]12 CGAT,,1
D17S1301,14,[AGAT]14,,92
D17S1301,15,[AGAT]15,,7
D18S51,9,[AGAA]9,,2
D18S51,10,[AGAA]10,,10
D18S51,11,[AGAA]11,,14
D18S51,11,[AGAA]11,rs535823682,1
D18S51,12,[AGAA]12,,195
D18S51,13,[AGAA]13,,217
D18S51,13.2,[AGAA]13 AG,rs535823682,3
D18S51,14,[AGAA]14,,259
D18S51,14,AGAA AGCA [AGAA]12,,9
D18S51,14.2,[AGAA]14 AG,rs535823682,2
D18S51,15,[AGAA]15,,344
D18S51,15,AGAA AGCA [AGAA]13,,2
D18S51,15.2,[AGAA]15 AG,rs535823682,1
D18S51,16,[AGAA]16,,305
D18S51,16,[AGAA]16,rs535823682,2
D18S51,16.2,[AGAA]16 AG,rs535823682,1
D18S51,17,[AGAA]17,,275
D18S51,17,[AGAA]17,rs535823682,1
D18S51,18,[AGAA]18,,182
D18S51,19,[AGAA]19,,127
D18S51,20,[AGAA]20,,69
D18S51,20,[AGAA]16 GGAA [AGAA]3,,4
D18S51,20,[AGAA]20,rs535823682,1
D18S51,21,[AGAA]21,,19
D18S51,21,[AGAA]21,rs535823682,1
D18S51,21.2,[AGAA]20 AG AGAA,,1
D18S51,22,[AGAA]22,,18
D18S51,23,[AGAA]23,,4
D18S51,24,[AGAA]24,,2
D18S51,28,[AGAA]28,,1
D19S433,9,[CCTT]7 ccta CCTT cttt CCTT,,1
D19S433,10,[CCTT]8 ccta CCTT cttt CCTT,,9
D19S433,11,[CCTT]9 ccta CCTT cttt CCTT,,54
D19S433,12,[CCTT]10 ccta CCTT cttt CCTT,,173
D19S433,12.2,[CCTT]11 ccta CCTT tt CCTT,,33
D19S433,12.2,[CCTT]4 CCCT [CCTT]6 ccta CCTT tt CCTT,,4
D19S433,13,[CCTT]11 ccta CCTT cttt CCTT,,506
D19S433,13,[CCTT]11 cctt CCTT cttt CCTT,,6
D19S433,13.2,[CCTT]12 ccta CCTT tt CCTT,,63
D19S433,13.2,[CCTT]12 ccta CCTT cttt CCTT,rs745607776,3
D19S433,14,[CCTT]12 ccta CCTT cttt CCTT,,624
D19S433,14,[CCTT]12 cctt CCTT cttt CCTT,,3
D19S433,14,[CCTT]12 ccta CCTT cttt CCTT,rs533519464,2
D19S433,14,[CCTT]9 TCTT [CCTT]2 ccta CCTT cttt CCTT,,1
D19S433,14.2,[CCTT]13 ccta CCTT tt CCTT,,106
D19S433,15,[CCTT]13 ccta CCTT cttt CCTT,,243
D19S433,15,[CCTT]13 cctg CCTT cttt CCTT,,1
D19S433,15.2,[CCTT]14 ccta CCTT tt CCTT,,118
D19S433,16,[CCTT]14 ccta CCTT cttt CCTT,,58
D19S433,16.2,[CCTT]15 ccta CCTT tt CCTT,,48
D19S433,17,[CCTT]15 ccta CCTT cttt CCTT,,5
D19S433,17.2,[CCTT]16 ccta CCTT tt CCTT,,7
D19S433,17.2,[CCTT]15 CTTT ccta CCTT tt CCTT,,1
D19S433,18.2,[CCTT]17 ccta CCTT tt CCTT,,3
D20S482,9,[AGAT]9,,19
D20S482,10,[AGAT]10,,10
D20S482,10,[AGAT]10,rs77560248,3
D20S482,11,[AGAT]11,,34
D20S482,11,[AGAT]11,rs77560248,2
D20S482,12,[AGAT]12,,69
D20S482,12,[AGAT]12,rs77560248,2
D20S482,13,[AGAT]13,,399
D20S482,13,[AGAT]13,rs77560248,28
D20S482,13,[AGAT]12 AGCT,,1
D20S482,14,[AGAT]14,,915
D20S482,14,[AGAT]14,rs77560248,57
D20S482,15,[AGAT]15,,368
D20S482,15,[AGAT]15,rs77560248,27
D20S482,16,[AGAT]16,,122
D20S482,16,[AGAT]16,rs77560248,11
D20S482,17,[AGAT]17,,3
D20S482,18,[AGAT]18,,1
D20S482,19,[AGAT]19,rs77560248,1
D21S11,24.2,[TCTA]5 [TCTG]6 [TCTA]3 tca [TCTA]2 tccata [TCTA]9,,1
D21S11,25.2,[TCTA]6 [TCTG]6 [TCTA]3 tca [TCTA]2 tccata [TCTA]9,,1
D21S11,26,[TCTA]4 [TCTG]6 [TCTA]3 ta [TCTA]3 tca [TCTA]2 tccata [TCTA]8,,1
D21S11,26.2,[TCTA]6 [TCTG]6 [TCTA]3 tca [TCTA]2 tccata [TCTA]10,,1
D21S11,27,[TCTA]4 [TCTG]6 [TCTA]3 ta [TCTA]3 tca [TCTA]2 tccata [TCTA]9,,38
D21S11,27,[TCTA]5 [TCTG]5 [TCTA]3 ta [TCTA]3 tca [TCTA]2 tccata [TCTA]9,,29
D21S11,27,[TCTA]6 [TCTG]5 [TCTA]3 ta [TCTA]3 tca [TCTA]2 tccata [TCTA]8,,8
D21S11,27,[TCTA]4 [TCTG]5 [TCTA]3 ta [TCTA]3 tca [TCTA]2 tccata [TCTA]10,,2
D21S11,27,[TCTA]4 [TCTG]6 [TCTA]3 ta [TCTA]2 tca [TCTA]2 tccata [TCTA]10,,2
D21S11,27,[TCTA]4 [TCTG]7 [TCTA]3 ta [TCTA]3 tca [TCTA]2 tccata [TCTA]8,,1
D21S11,28,[TCTA]4 [TCTG]6 [TCTA]3 ta [TCTA]3 tca [TCTA]2 tccata [TCTA]10,,312
D21S11,28,[TCTA]5 [TCTG]6 [TCTA]3 ta [TCTA]3 tca [TCTA]2 tccata [TCTA]9,,17
D21S11,28,[TCTA]6 [TCTG]5 [TCTA]3 ta [TCTA]3 tca [TCTA]2 tccata [TCTA]9,,6
D21S11,28,[TCTA]5 [TCTG]6 [TCTA]3 ta [TCTA]2 tca [TCTA]2 tccata [TCTA]10,,2
D21S11,28,[TCTA]5 [TCTG]5 [TCTA]3 ta [TCTA]3 tca [TCTA]2 tccata [TCTA]10,,1
D21S11,28,[TCTA]7 [TCTG]5 [TCTA]3 ta [TCTA]3 tca [TCTA]2 tccata [TCTA]8,,1
D21S11,28,[TCTA]4 [TCTG]7 [TCTA]3 ta [TCTA]3 tca [TCTA]2 tccata [TCTA]9,,1
D21S11,28,[TCTA]5 [TCTG]6 [TCTA]2 ta [TCTA]3 tca [TCTA]2 tccata [TCTA]10,,1
D21S11,28.2,[TCTA]5 [TCTG]6 [TCTA]3 ta [TCTA]3 tca [TCTA]2 tccata [TCTA]8 TA TCTA,,1
D21S11,29,[TCTA]4 [TCTG]6 [TCTA]3 ta [TCTA]3 tca [TCTA]2 tccata [TCTA]11,,244
D21S11,29,[TCTA]6 [TCTG]5 [TCTA]3 ta [TCTA]3 tca [TCTA]2 tccata [TCTA]10,,90
D21S11,29,[TCTA]5 [TCTG]6 [TCTA]3 ta [TCTA]3 tca [TCTA]2 tccata [TCTA]10,,53
D21S11,29,[TCTA]4 [TCTG]7 [TCTA]3 ta [TCTA]3 tca [TCTA]2 tccata [TCTA]10,,25
D21S11,29,[TCTA]5 [TCTG]5 [TCTA]3 ta [TCTA]3 tca [TCTA]2 tccata [TCTA]11,,5
D21S11,29,[TCTA]5 [TCTG]6 [TCTA]3 ta [TCTA]2 tca [TCTA]2 tccata [TCTA]11,,3
D21S11,29,[TCTA]6 [TCTG]6 [TCTA]3 ta [TCTA]2 tca [TCTA]2 tccata [TCTA]10,,1
D21S11,29,[TCTA]5 [TCTG]6 [TCTA]2 ta [TCTA]3 tca [TCTA]2 tccata [TCTA]11,,1
D21S11,29,[TCTA]6 [TCTG]6 [TCTA]3 ta [TCTA]3 tca [TCTA]2 tccata [TCTA]9,,1
D21S11,29.2,[TCTA]5 [TCTG]6 [TCTA]3 ta [TCTA]3 tca [TCTA]2 tccata [TCTA]9 TA TCTA,,2
D21S11,29.2,[TCTA]5 [TCTG]5 [TCTA]3 ta [TCTA]3 tca [TCTA]2 tccata [TCTA]10 TA TCTA,,1
D21S11,29.3,[TCTA]5 [TCTG]6 [TCTA]3 ta [TCTA]3 tca [TCTA]2 tccata [TCTA]7 TCA [TCTA]3,,1
D21S11,30,[TCTA]6 [TCTG]5 [TCTA]3 ta [TCTA]3 tca [TCTA]2 tccata [TCTA]11,,204
D21S11,30,[TCTA]5 [TCTG]6 [TCTA]3 ta [TCTA]3 tca [TCTA]2 tccata [TCTA]11,,163
D21S11,30,[TCTA]4 [TCTG]6 [TCTA]3 ta [TCTA]3 tca [TCTA]2 tccata [TCTA]12,,122
D21S11,30,[TCTA]7 [TCTG]5 [TCTA]3 ta [TCTA]3 tca [TCTA]2 tccata [TCTA]10,,9
D21S11,30,[TCTA]6 [TCTG]6 [TCTA]3 ta [TCTA]3 tca [TCTA]2 tccata [TCTA]10,,9
D21S11,30,[TCTA]4 [TCTG]7 [TCTA]3 ta [TCTA]3 tca [TCTA]2 tccata [TCTA]11,,4
D21S11,30,[TCTA]2 TATA [TCTA]3 [TCTG]5 [TCTA]3 ta [TCTA]3 tca [TCTA]2 tccata [TCTA]11,,1
D21S11,30,[TCTA]7 [TCTG]6 [TCTA]3 ta [TCTA]3 tca [TCTA]2 tccata [TCTA]9,,1
D21S11,30.2,[TCTA]5 [TCTG]6 [TCTA]3 ta [TCTA]3 tca [TCTA]2 tccata [TCTA]10 TA TCTA,,31
D21S11,30.2,[TCTA]5 [TCTG]6 [TCTA]3 ta [TCTA]2 tca [TCTA]2 tccata [TCTA]11 TA TCTA,,8
D21S11,30.2,[TCTA]5 [TCTG]5 [TCTA]3 ta [TCTA]3 tca [TCTA]2 tccata [TCTA]11 TA TCTA,,6
D21S11,30.3,[TCTA]6 [TCTG]5 [TCTA]3 ta [TCTA]3 tca [TCTA]2 tccata [TCTA]5 TCA [TCTA]6,,2
D21S11,31,[TCTA]5 [TCTG]6 [TCTA]3 ta [TCTA]3 tca [TCTA]2 tccata [TCTA]12,,77
D21S11,31,[TCTA]6 [TCTG]5 [TCTA]3 ta [TCTA]3 tca [TCTA]2 tccata [TCTA]12,,38
D21S11,31,[TCTA]4 [TCTG]6 [TCTA]3 ta [TCTA]3 tca [TCTA]2 tccata [TCTA]13,,19
D21S11,31,[TCTA]6 [TCTG]6 [TCTA]3 ta [TCTA]3 tca [TCTA]2 tccata [TCTA]11,,12
D21S11,31,[TCTA]7 [TCTG]5 [TCTA]3 ta [TCTA]3 tca [TCTA]2 tccata [TCTA]11,,9
D21S11,31,[TCTA]7 [TCTG]6 [TCTA]3 ta [TCTA]3 tca [TCTA]2 tccata [TCTA]10,,9
D21S11,31,[TCTA]8 [TCTG]5 [TCTA]3 ta [TCTA]3 tca [TCTA]2 tccata [TCTA]10,,1
D21S11,31,[TCTA]4 [TCTG]7 [TCTA]3 ta [TCTA]3 tca [TCTA]2 tccata [TCTA]12,,1
D21S11,31.2,[TCTA]5 [TCTG]6 [TCTA]3 ta [TCTA]3 tca [TCTA]2 tccata [TCTA]11 TA TCTA,,133
D21S11,31.2,[TCTA]5 [TCTG]6 [TCTA]3 ta [TCTA]2 tca [TCTA]2 tccata [TCTA]12 TA TCTA,,13
D21S11,31.2,[TCTA]5 [TCTG]5 [TCTA]3 ta [TCTA]3 tca [TCTA]2 tccata [TCTA]12 TA TCTA,,9
D21S11,31.2,[TCTA]4 [TCTG]6 [TCTA]3 ta [TCTA]3 tca [TCTA]2 tccata [TCTA]12 TA TCTA,,3
D21S11,31.2,[TCTA]5 [TCTG]5 [TCTA]3 ta [TCTA]2 tca [TCTA]2 tccata [TCTA]13 TA TCTA,,1
D21S11,31.2,[TCTA]6 [TCTG]6 [TCTA]3 ta [TCTA]3 tca [TCTA]2 tccata [TCTA]10 TA TCTA,,1
D21S11,32,[TCTA]5 [TCTG]6 [TCTA]3 ta [TCTA]3 tca [TCTA]2 tccata [TCTA]13,,15
D21S11,32,[TCTA]6 [TCTG]6 [TCTA]3 ta [TCTA]3 tca [TCTA]2 tccata [TCTA]12,,6
D21S11,32,[TCTA]6 [TCTG]5 [TCTA]3 ta [TCTA]3 tca [TCTA]2 tccata [TCTA]13,,5
D21S11,32,[TCTA]7 [TCTG]5 [TCTA]3 ta [TCTA]3 tca [TCTA]2 tccata [TCTA]12,,2
D21S11,32,[TCTA]8 [TCTG]6 [TCTA]3 ta [TCTA]3 tca [TCTA]2 tccata [TCTA]10,,1
D21S11,32.2,[TCTA]5 [TCTG]6 [TCTA]3 ta [TCTA]3 tca [TCTA]2 tccata [TCTA]12 TA TCTA,,179
D21S11,32.2,[TCTA]6 [TCTG]6 [TCTA]3 ta [TCTA]3 tca [TCTA]2 tccata [TCTA]11 TA TCTA,,3
D21S11,32.2,[TCTA]6 [TCTG]5 [TCTA]3 ta [TCTA]3 tca [TCTA]2 tccata [TCTA]12 TA TCTA,,2
D21S11,32.2,[TCTA]5 [TCTG]6 [TCTA]3 ta [TCTA]4 tca [TCTA]2 tccata [TCTA]11 TA TCTA,,2
D21S11,32.2,[TCTA]5 [TCTG]5 [TCTA]3 ta [TCTA]3 tca [TCTA]2 tccata [TCTA]13 TA TCTA,,2
D21S11,32.2,[TCTA]5 [TCTG]6 [TCTA]3 ta [TCTA]2 tca [TCTA]2 tccata [TCTA]13 TA TCTA,,1
D21S11,33,[TCTA]5 [TCTG]6 [TCTA]3 ta [TCTA]3 tca [TCTA]2 tccata [TCTA]14,,4
D21S11,33,[TCTA]6 [TCTG]5 [TCTA]3 ta [TCTA]3 tca [TCTA]2 tccata [TCTA]14,,1
D21S11,33,[TCTA]8 [TCTG]5 [TCTA]3 ta [TCTA]3 tca [TCTA]2 tccata [TCTA]12,,1
D21S11,33,[TCTA]4 [TCTG]7 [TCTA]3 ta [TCTA]3 tca [TCTA]2 tccata [TCTA]14,,1
D21S11,33,[TCTA]6 [TCTG]6 [TCTA]3 ta [TCTA]3 tca [TCTA]2 tccata [TCTA]13,,1
D21S11,33,[TCTA]10 [TCTG]5 [TCTA]3 ta [TCTA]3 tca [TCTA]2 tccata [TCTA]10,,1
D21S11,33.1,[TCTA]5 [TCTG]6 [TCTA]3 ta [TCTA]3 tca [TCTA]2 tccata [TCTA]6 TCA [TCTA]6 TA TCTA,,3
D21S11,33.2,[TCTA]5 [TCTG]6 [TCTA]3 ta [TCTA]3 tca [TCTA]2 tccata [TCTA]13 TA TCTA,,63
D21S11,33.2,[TCTA]5 [TCTG]7 [TCTA]3 ta [TCTA]3 tca [TCTA]2 tccata [TCTA]12 TA TCTA,,2
D21S11,33.2,[TCTA]6 [TCTG]6 [TCTA]3 ta [TCTA]3 tca [TCTA]2 tccata [TCTA]12 TA TCTA,,1
D21S11,33.2,[TCTA]5 [TCTG]6 [TCTA]3 ta [TCTA]2 tca [TCTA]2 tccata [TCTA]14 TA TCTA,,1
D21S11,33.2,[TCTA]5 [TCTG]5 [TCTA]3 ta [TCTA]3 tca [TCTA]2 tccata [TCTA]14 TA TCTA,,1
D21S11,34,[TCTA]11 [TCTG]6 [TCTA]2 ta [TCTA]3 tca [TCTA]2 tccata [TCTA]10,,1
D21S11,34,[TCTA]10 [TCTG]5 [TCTA]3 ta [TCTA]3 tca [TCTA]2 tccata [TCTA]11,,1
D21S11,34,[TCTA]9 [TCTG]7 [TCTA]3 ta [TCTA]3 tca [TCTA]2 tccata [TCTA]10,,1
D21S11,34,[TCTA]11 [TCTG]4 [TCTA]3 ta [TCTA]3 tca [TCTA]2 tccata [TCTA]11,,1
D21S11,34,[TCTA]10 [TCTG]7 [TCTA]3 ta [TCTA]3 tca [TCTA]2 tccata [TCTA]9,,1
D21S11,34.2,[TCTA]5 [TCTG]6 [TCTA]3 ta [TCTA]3 tca [TCTA]2 tccata [TCTA]14 TA TCTA,,3
D21S11,35,[TCTA]5 [TCTG]6 [TCTA]3 ta [TCTA]3 tca [TCTA]2 tccata [TCTA]8 TCA [TCTA]3 TCA [TCTA]2 TA TCTA,,12
D21S11,35,[TCTA]10 [TCTG]5 [TCTA]3 ta [TCTA]3 tca [TCTA]2 tccata [TCTA]12,,2
D21S11,35,[TCTA]10 [TCTG]7 [TCTA]3 ta [TCTA]3 tca [TCTA]2 tccata [TCTA]10,,2
D21S11,36,[TCTA]11 [TCTG]5 [TCTA]3 ta [TCTA]3 tca [TCTA]2 tccata [TCTA]12,,2
D21S11,36,[TCTA]10 [TCTG]7 [TCTA]3 ta [TCTA]3 tca [TCTA]2 tccata [TCTA]11,,2
D21S11,36,[TCTA]10 [TCTG]5 [TCTA]3 ta [TCTA]3 tca [TCTA]2 tccata [TCTA]13,,1
D21S11,36,[TCTA]11 [TCTG]7 [TCTA]3 ta [TCTA]3 tca [TCTA]2 tccata [TCTA]10,,1
D21S11,36,[TCTA]5 [TCTG]6 [TCTA]3 ta [TCTA]3 tca [TCTA]2 tccata [TCTA]9 TCA [TCTA]3 TCA [TCTA]2 TA TCTA,,1
D21S11,37,[TCTA]12 [TCTG]7 [TCTA]3 ta [TCTA]3 tca [TCTA]2 tccata [TCTA]10,,1
D21S11,37,[TCTA]11 [TCTG]8 [TCTA]2 ta [TCTA]3 tca [TCTA]2 tccata [TCTA]11,,1
D21S11,38,[TCTA]11 [TCTG]7 [TCTA]3 ta [TCTA]3 tca [TCTA]2 tccata [TCTA]12,,1
D21S11,39,[TCTA]13 [TCTG]7 [TCTA]3 ta [TCTA]3 tca [TCTA]2 tccata [TCTA]11,,1
Penta D,2.2,[AAAGA]5 ,rs1190908807,89
Penta D,3.2,[AAAGA]6 ,rs1190908807,7
Penta D,5,[AAAGA]5 ,,33
Penta D,6,[AAAGA]6 ,,13
Penta D,7,[AAAGA]7 ,,34
Penta D,8,[AAAGA]8 ,,99
Penta D,9,[AAAGA]9 ,,447
Penta D,9,[AAAGA]9 ,rs186259515,3
Penta D,10,[AAAGA]10 ,,263
Penta D,10,[AAAGA]10 ,rs181880885,1
Penta D,11,[AAAGA]11 ,rs181880885,1
Penta D,11,[AAAGA]11 ,,320
Penta D,11,[AAAGA]6 AACGA [AAAGA]4,,1
Penta D,12,[AAAGA]12 ,rs181880885,3
Penta D,12,[AAAGA]12 ,"rs186259515, rs995500705",1
Penta D,12,[AAAGA]12 ,,341
Penta D,12,[AAAGA]12 ,rs186259515,6
Penta D,13,[AAAGA]13 ,,285
Penta D,13,[AAAGA]13 ,rs181880885,2
Penta D,13.4,[AAAGA]14,rs536566765,1
Penta D,14,[AAAGA]14 ,,95
Penta D,14,[AAAGA]14 ,rs181880885,1
Penta D,15,[AAAGA]15 ,,17
Penta D,16,[AAAGA]16 ,,4
Penta D,17,[AAAGA]17 ,,3
D22S1045,8,[ATT]5 ACT [ATT]2 ,,5
D22S1045,10,[ATT]7 ACT [ATT]2 ,,35
D22S1045,11,[ATT]8 ACT [ATT]2 ,,269
D22S1045,12,[ATT]9 ACT [ATT]2 ,,42
D22S1045,12,[ATT]9 ACT [ATT]2 ,rs554502154,10
D22S1045,12,[ATT]9 ACT [ATT]2 ,rs867494376,1
D22S1045,13,[ATT]10 ACT [ATT]2 ,,11
D22S1045,14,[ATT]11 ACT [ATT]2 ,,109
D22S1045,15,[ATT]12 ACT [ATT]2 ,,657
D22S1045,15,[ATT]12 ACT [ATT]2 ,rs190864081,6
D22S1045,15,[ATT]12 ACT [ATT]2 ,rs913489976,1
D22S1045,15,[ATT]5 ACT [ATT]6 ACT [ATT]2 ,,1
D22S1045,16,[ATT]13 ACT [ATT]2 ,,616
D22S1045,17,[ATT]14 ACT [ATT]2 ,,283
D22S1045,18,[ATT]15 ACT [ATT]2 ,,21
D22S1045,19,[ATT]16 ACT [ATT]2 ,,5
SE33,6.3,CT [CTTT]10 CT [CTTT]3 CT [CTTT]2 ,,1
SE33,7,CT [CTTT]3 C [CTTT]7 CT [CTTT]3 CT [CTTT]2 ,,1
SE33,10.2,CT [CTTT]3 C [CTTT]14 CT [CTTT]2 ,,1
SE33,11,CT [CTTT]3 C [CTTT]11 CT [CTTT]3 CT [CTTT]2 ,,1
SE33,11.2,CT [CTTT]3 C [CTTT]15 CT [CTTT]2 ,,1
SE33,11.2,CT [CTTT]3 C [CTTT]16 CT CTTT ,,1
SE33,12,CT [CTTT]3 C [CTTT]12 CT [CTTT]3 CT [CTTT]2 ,,9
SE33,12.2,CT [CTTT]3 C [CTTT]16 CT [CTTT]2 ,,4
SE33,13,CT [CTTT]3 C [CTTT]13 CT [CTTT]3 CT [CTTT]2 ,,23
SE33,13.2,CT [CTTT]3 C [CTTT]17 CT [CTTT]2 ,,4
SE33,14,CT [CTTT]3 C [CTTT]14 CT [CTTT]3 CT [CTTT]2 ,,63
SE33,14,CT CGCT [CTTT]2 C [CTTT]14 CT [CTTT]3 CT [CTTT]2 ,,2
SE33,14,CT [CTTT]2 C [CTTT]15 CT [CTTT]3 CT [CTTT]2 ,,1
SE33,14.2,CT [CTTT]3 C [CTTT]18 CT [CTTT]2 ,,5
SE33,14.2,CT [CTTT]3 C [CTTT]19 CT CTTT ,,1
SE33,14.2,CT [CTTT]3 C [CTTT]6 TT [CTTT]8 CT [CTTT]3 CT [CTTT]2 ,,1
SE33,15,CT [CTTT]3 C [CTTT]15 CT [CTTT]3 CT [CTTT]2 ,,74
SE33,15,CT CGCT [CTTT]2 C [CTTT]15 CT [CTTT]3 CT [CTTT]2 ,,2
SE33,15,CT [CTTT]2 CCTT C [CTTT]15 CT [CTTT]3 CT [CTTT]2 ,,1
SE33,15,CT [CTTT]3 C CCTT [CTTT]15 CT [CTTT]2 CT [CTTT]2 ,,1
SE33,15.2,CT [CTTT]3 C [CTTT]19 CT [CTTT]2 ,,5
SE33,16,CT [CTTT]3 C [CTTT]16 CT [CTTT]3 CT [CTTT]2 ,,87
SE33,16,CT [CTTT]2 CCTT C [CTTT]16 CT [CTTT]3 CT [CTTT]2 ,,6
SE33,16,CT [CTTT]3 C CCTT [CTTT]16 CT [CTTT]2 CT [CTTT]2 ,,3
SE33,16,CT [CTTT]3 CCTT C [CTTT]15 CT [CTTT]3 CT [CTTT]2 ,,2
SE33,16.2,CT [CTTT]3 C [CTTT]13 CT [CTTT]3 CT [CTTT]3 CT [CTTT]2 ,,3
SE33,16.2,CT [CTTT]3 C [CTTT]17 CT [CTTT]5 ,,1
SE33,16.3,CT [CTTT]3 C [CTTT]3 C [CTTT]17 CT [CTTT]2 ,,2
SE33,17,CT [CTTT]3 C [CTTT]17 CT [CTTT]3 CT [CTTT]2 ,,143
SE33,17,CT [CTTT]2 CCTT C [CTTT]17 CT [CTTT]3 CT [CTTT]2 ,,9
SE33,17,CT [CTTT]2 C [CTTT]18 CT [CTTT]3 CT [CTTT]2 ,,1
SE33,17,CT [CTTT]3 C CCTT [CTTT]17 CT [CTTT]2 CT [CTTT]2 ,,1
SE33,17.2,CT [CTTT]3 C [CTTT]14 CT [CTTT]3 CT [CTTT]3 CT [CTTT]2 ,,1
SE33,17.3,CT [CTTT]3 C [CTTT]3 C [CTTT]18 CT [CTTT]2 ,,2
SE33,17.3,CT [CTTT]3 C [CTTT]10 CTT [CTTT]7 CT [CTTT]3 CT [CTTT]2 ,,2
SE33,18,CT [CTTT]3 C [CTTT]18 CT [CTTT]3 CT [CTTT]2 ,,182
SE33,18,CT [CTTT]2 CCTT C [CTTT]18 CT [CTTT]3 CT [CTTT]2 ,,12
SE33,18,CT [CTTT]3 C CCTT [CTTT]18 CT [CTTT]2 CT [CTTT]2 ,,3
SE33,18,CT [CTTT]2 [CCTT]2 C [CTTT]17 CT [CTTT]3 CT [CTTT]2 ,,1
SE33,18,CT [CTTT]2 C [CTTT]19 CT [CTTT]3 CT [CTTT]2 ,,1
SE33,18,CT [CTTT]3 CCTT C [CTTT]17 CT [CTTT]3 CT [CTTT]2 ,,1
SE33,18.3,CT [CTTT]3 C [CTTT]3 C [CTTT]19 CT [CTTT]2 ,,1
SE33,19,CT [CTTT]3 C [CTTT]19 CT [CTTT]3 CT [CTTT]2 ,,167
SE33,19,CT [CTTT]2 CCTT C [CTTT]19 CT [CTTT]3 CT [CTTT]2 ,,17
SE33,19,CT [CTTT]3 CCTT C [CTTT]18 CT [CTTT]3 CT [CTTT]2 ,,4
SE33,19,CT [CTTT]2 C [CTTT]20 CT [CTTT]3 CT [CTTT]2 ,,3
SE33,19,CT [CTTT]3 C CCTT [CTTT]19 CT [CTTT]2 CT [CTTT]2 ,,2
SE33,19.2,CT [CTTT]2 CCTT C [CTTT]9 TT [CTTT]10 CT [CTTT]3 CT [CTTT]2 ,,5
SE33,19.2,CT [CTTT]2 CCTT C [CTTT]8 TT [CTTT]11 CT [CTTT]3 CT [CTTT]2 ,,1
SE33,20,CT [CTTT]3 C [CTTT]20 CT [CTTT]3 CT [CTTT]2 ,,127
SE33,20,CT [CTTT]2 CCTT C [CTTT]20 CT [CTTT]3 CT [CTTT]2 ,,10
SE33,20,CT [CTTT]3 CCTT C [CTTT]19 CT [CTTT]3 CT [CTTT]2 ,,10
SE33,20,CT [CTTT]3 C CCTT [CTTT]20 CT [CTTT]2 CT [CTTT]2 ,,2
SE33,20,CT [CTTT]2 [CCTT]2 C [CTTT]19 CT [CTTT]3 CT [CTTT]2 ,,1
SE33,20.2,CT [CTTT]2 CCTT C [CTTT]9 TT [CTTT]11 CT [CTTT]3 CT [CTTT]2 ,,11
SE33,20.2,CT [CTTT]2 CCTT C [CTTT]10 TT [CTTT]10 CT [CTTT]3 CT [CTTT]2 ,,2
SE33,20.2,CT [CTTT]2 CCTT C [CTTT]11 TT [CTTT]9 CT [CTTT]3 CT [CTTT]2 ,,1
SE33,21,CT [CTTT]3 C [CTTT]21 CT [CTTT]3 CT [CTTT]2 ,,60
SE33,21,CT [CTTT]3 CCTT C [CTTT]20 CT [CTTT]3 CT [CTTT]2 ,,8
SE33,21,CT [CTTT]2 CCTT C [CTTT]21 CT [CTTT]3 CT [CTTT]2 ,,1
SE33,21.2,CT [CTTT]2 CCTT C [CTTT]10 TT [CTTT]11 CT [CTTT]3 CT [CTTT]2 ,,15
SE33,21.2,CT [CTTT]2 CCTT C [CTTT]11 TT [CTTT]10 CT [CTTT]3 CT [CTTT]2 ,,14
SE33,21.2,CT [CTTT]2 CCTT C [CTTT]12 TT [CTTT]9 CT [CTTT]3 CT [CTTT]2 ,,4
SE33,21.2,CT [CTTT]2 CCTT C [CTTT]9 TT [CTTT]12 CT [CTTT]3 CT [CTTT]2 ,,2
SE33,21.2,CT [CTTT]2 [CCTT]2 C [CTTT]11 TT [CTTT]9 CT [CTTT]3 CT [CTTT]2 ,,1
SE33,21.2,CT [CTTT]2 CCTT C [CTTT]14 TT [CTTT]7 CT [CTTT]3 CT [CTTT]2 ,,1
SE33,22,CT [CTTT]3 C [CTTT]22 CT [CTTT]3 CT [CTTT]2 ,,24
SE33,22,CT [CTTT]3 CCTT C [CTTT]21 CT [CTTT]3 CT [CTTT]2 ,,4
SE33,22,CT [CTTT]2 CCTT C [CTTT]12 TT [CTTT]10 CT [CTTT]5 ,,1
SE33,22,CT [CTTT]2 C [CTTT]23 CT [CTTT]3 CT [CTTT]2 ,,1
SE33,22.2,CT [CTTT]2 CCTT C [CTTT]15 TT [CTTT]7 CT [CTTT]3 CT [CTTT]2 ,,19
SE33,22.2,CT [CTTT]2 CCTT C [CTTT]11 TT [CTTT]11 CT [CTTT]3 CT [CTTT]2 ,,10
SE33,22.2,CT [CTTT]2 CCTT C [CTTT]12 TT [CTTT]10 CT [CTTT]3 CT [CTTT]2 ,,9
SE33,22.2,CT [CTTT]2 CCTT C [CTTT]14 TT [CTTT]8 CT [CTTT]3 CT [CTTT]2 ,,3
SE33,22.2,CT [CTTT]2 CCTT C [CTTT]10 TT [CTTT]12 CT [CTTT]3 CT [CTTT]2 ,,3
SE33,22.2,CT [CTTT]2 [CCTT]2 C [CTTT]12 TT [CTTT]9 CT [CTTT]3 CT [CTTT]2 ,,1
SE33,22.2,CT [CTTT]2 CCTT C [CTTT]10 CT [CTTT]12 CT [CTTT]3 CT [CTTT]2 ,,1
SE33,22.2,CT [CTTT]2 CCTT C [CTTT]17 TT [CTTT]5 CT [CTTT]3 CT [CTTT]2 ,,1
SE33,22.2,CT [CTTT]2 CCTT C [CTTT]13 TT [CTTT]9 CT [CTTT]3 CT [CTTT]2 ,,1
SE33,23,CT [CTTT]3 C [CTTT]23 CT [CTTT]3 CT [CTTT]2 ,,6
SE33,23,CT [CTTT]3 CCTT C [CTTT]22 CT [CTTT]3 CT [CTTT]2 ,,2
SE33,23,CT [CTTT]2 CCTT C [CTTT]23 CT [CTTT]3 CT [CTTT]2 ,,1
SE33,23.2,CT [CTTT]2 CCTT C [CTTT]12 TT [CTTT]11 CT [CTTT]3 CT [CTTT]2 ,,18
SE33,23.2,CT [CTTT]2 CCTT C [CTTT]13 TT [CTTT]10 CT [CTTT]3 CT [CTTT]2 ,,15
SE33,23.2,CT [CTTT]2 CCTT C [CTTT]11 TT [CTTT]12 CT [CTTT]3 CT [CTTT]2 ,,12
SE33,23.2,CT [CTTT]2 CCTT C [CTTT]16 TT [CTTT]7 CT [CTTT]3 CT [CTTT]2 ,,5
SE33,23.2,CT [CTTT]2 CCTT C [CTTT]15 TT [CTTT]8 CT [CTTT]3 CT [CTTT]2 ,,3
SE33,23.2,CT [CTTT]2 CCTT C [CTTT]18 TT [CTTT]5 CT [CTTT]3 CT [CTTT]2 ,,2
SE33,23.2,CT [CTTT]2 CCTT C [CTTT]14 TT [CTTT]9 CT [CTTT]3 CT [CTTT]2 ,,2
SE33,23.2,CT [CTTT]3 C [CTTT]20 CT [CTTT]3 CT [CTTT]3 CT [CTTT]2 ,,1
SE33,24,CT [CTTT]2 CCTT C [CTTT]16 TT [CTTT]11 CT [CTTT]2 ,,1
SE33,24.2,CT [CTTT]2 CCTT C [CTTT]13 TT [CTTT]11 CT [CTTT]3 CT [CTTT]2 ,,13
SE33,24.2,CT [CTTT]2 CCTT C [CTTT]16 TT [CTTT]8 CT [CTTT]3 CT [CTTT]2 ,,10
SE33,24.2,CT [CTTT]2 CCTT C [CTTT]14 TT [CTTT]10 CT [CTTT]3 CT [CTTT]2 ,,6
SE33,24.2,CT [CTTT]2 CCTT C [CTTT]15 TT [CTTT]9 CT [CTTT]3 CT [CTTT]2 ,,5
SE33,24.2,CT [CTTT]2 CCTT C [CTTT]12 TT [CTTT]12 CT [CTTT]3 CT [CTTT]2 ,,4
SE33,24.2,CT [CTTT]2 CCTT C [CTTT]11 TT [CTTT]13 CT [CTTT]3 CT [CTTT]2 ,,3
SE33,24.2,CT [CTTT]2 [CCTT]2 C [CTTT]17 TT [CTTT]6 CT [CTTT]3 CT [CTTT]2 ,,2
SE33,24.2,CT [CTTT]2 [CCTT]2 C [CTTT]13 TT [CTTT]10 CT [CTTT]3 CT [CTTT]2 ,,1
SE33,24.2,CT [CTTT]2 CCTT C [CTTT]12 CT [CTTT]12 CT [CTTT]3 CT [CTTT]2 ,,1
SE33,24.2,CT [CTTT]2 CCTT C [CTTT]18 TT [CTTT]6 CT [CTTT]3 CT [CTTT]2 ,,1
SE33,24.2,CT [CTTT]2 CCTT C [CTTT]17 TT [CTTT]7 CT [CTTT]3 CT [CTTT]2 ,,1
SE33,25.2,CT [CTTT]2 CCTT C [CTTT]16 TT [CTTT]9 CT [CTTT]3 CT [CTTT]2 ,,16
SE33,25.2,CT [CTTT]2 CCTT C [CTTT]15 TT [CTTT]10 CT [CTTT]3 CT [CTTT]2 ,,11
SE33,25.2,CT [CTTT]2 CCTT C [CTTT]13 TT [CTTT]12 CT [CTTT]3 CT [CTTT]2 ,,9
SE33,25.2,CT [CTTT]2 CCTT C [CTTT]12 TT [CTTT]13 CT [CTTT]3 CT [CTTT]2 ,,8
SE33,25.2,CT [CTTT]2 CCTT C [CTTT]17 TT [CTTT]8 CT [CTTT]3 CT [CTTT]2 ,,7
SE33,25.2,CT [CTTT]2 CCTT C [CTTT]11 TT [CTTT]14 CT [CTTT]3 CT [CTTT]2 ,,4
SE33,25.2,CT [CTTT]2 CCTT C [CTTT]14 CT [CTTT]11 CT [CTTT]3 CT [CTTT]2 ,,3
SE33,25.2,CT [CTTT]2 CCTT C [CTTT]14 TT [CTTT]11 CT [CTTT]3 CT [CTTT]2 ,,3
SE33,25.2,CT [CTTT]2 [CCTT]2 C [CTTT]18 TT [CTTT]6 CT [CTTT]3 CT [CTTT]2 ,,2
SE33,25.2,CT [CTTT]2 CCTT C [CTTT]20 TT [CTTT]5 CT [CTTT]3 CT [CTTT]2 ,,2
SE33,25.2,CT [CTTT]2 CCTT C [CTTT]18 TT [CTTT]7 CT [CTTT]3 CT [CTTT]2 ,,2
SE33,25.2,CT [CTTT]2 CCTT C [CTTT]15 CT [CTTT]10 CT [CTTT]3 CT [CTTT]2 ,,1
SE33,25.2,CT [CTTT]2 CCTT C [CTTT]16 CT [CTTT]9 CT [CTTT]3 CT [CTTT]2 ,,1
SE33,25.2,CT [CTTT]2 CCTT C [CTTT]19 TT [CTTT]6 CT [CTTT]3 CT [CTTT]2 ,,1
SE33,25.2,CT [CTTT]2 CCTT C [CTTT]15 TT [CTTT]8 CTCT CTTT CT [CTTT]3 CT [CTTT]2 ,,1
SE33,26,CT [CTTT]2 CCTT C [CTTT]16 TT [CTTT]7 CT [CTTT]2 CT [CTTT]3 CT [CTTT]2 ,,1
SE33,26.2,CT [CTTT]2 CCTT C [CTTT]15 TT [CTTT]11 CT [CTTT]3 CT [CTTT]2 ,,22
SE33,26.2,CT [CTTT]2 CCTT C [CTTT]18 TT [CTTT]8 CT [CTTT]3 CT [CTTT]2 ,,18
SE33,26.2,CT [CTTT]2 CCTT C [CTTT]15 CT [CTTT]11 CT [CTTT]3 CT [CTTT]2 ,,16
SE33,26.2,CT [CTTT]2 CCTT C [CTTT]14 TT [CTTT]12 CT [CTTT]3 CT [CTTT]2 ,,11
SE33,26.2,CT [CTTT]2 CCTT C [CTTT]17 TT [CTTT]9 CT [CTTT]3 CT [CTTT]2 ,,10
SE33,26.2,CT [CTTT]2 CCTT C [CTTT]16 TT [CTTT]10 CT [CTTT]3 CT [CTTT]2 ,,9
SE33,26.2,CT [CTTT]2 CCTT C [CTTT]20 TT [CTTT]6 CT [CTTT]3 CT [CTTT]2 ,,8
SE33,26.2,CT [CTTT]2 CCTT C [CTTT]19 TT [CTTT]7 CT [CTTT]3 CT [CTTT]2 ,,5
SE33,26.2,CT [CTTT]2 CCTT C [CTTT]13 TT [CTTT]13 CT [CTTT]3 CT [CTTT]2 ,,5
SE33,26.2,CT [CTTT]2 [CCTT]2 C [CTTT]18 TT [CTTT]7 CT [CTTT]3 CT [CTTT]2 ,,4
SE33,26.2,CT [CTTT]2 CCTT C [CTTT]21 TT [CTTT]5 CT [CTTT]3 CT [CTTT]2 ,,3
SE33,26.2,CT [CTTT]2 CCTT C [CTTT]12 TT [CTTT]14 CT [CTTT]3 CT [CTTT]2 ,,3
SE33,26.2,CT [CTTT]2 [CCTT]3 C [CTTT]15 TT [CTTT]9 CT [CTTT]3 CT [CTTT]2 ,,1
SE33,26.2,CT [CTTT]2 [CCTT]2 C [CTTT]14 CT [CTTT]11 CT [CTTT]3 CT [CTTT]2 ,,1
SE33,26.2,CT [CTTT]2 [CCTT]2 C [CTTT]15 CT [CTTT]10 CT [CTTT]3 CT [CTTT]2 ,,1
SE33,26.2,CT [CTTT]2 [CCTT]2 C [CTTT]19 TT [CTTT]6 CT [CTTT]3 CT [CTTT]2 ,,1
SE33,26.2,CT [CTTT]2 [CCTT]2 C [CTTT]16 TT [CTTT]9 CT [CTTT]3 CT [CTTT]2 ,,1
SE33,26.2,CT [CTTT]2 CCTT C [CTTT]4 CTGT [CTTT]9 TT [CTTT]12 CT [CTTT]3 CT [CTTT]2 ,,1
SE33,27,CT [CTTT]2 CCTT C [CTTT]17 TT [CTTT]7 CT [CTTT]2 CT [CTTT]3 CT [CTTT]2 ,,1
SE33,27.2,CT [CTTT]2 CCTT C [CTTT]15 TT [CTTT]12 CT [CTTT]3 CT [CTTT]2 ,,30
SE33,27.2,CT [CTTT]2 CCTT C [CTTT]16 TT [CTTT]11 CT [CTTT]3 CT [CTTT]2 ,,24
SE33,27.2,CT [CTTT]2 CCTT C [CTTT]17 TT [CTTT]10 CT [CTTT]3 CT [CTTT]2 ,,20
SE33,27.2,CT [CTTT]2 CCTT C [CTTT]19 TT [CTTT]8 CT [CTTT]3 CT [CTTT]2 ,,19
SE33,27.2,CT [CTTT]2 CCTT C [CTTT]18 TT [CTTT]9 CT [CTTT]3 CT [CTTT]2 ,,10
SE33,27.2,CT [CTTT]2 CCTT C [CTTT]14 TT [CTTT]13 CT [CTTT]3 CT [CTTT]2 ,,9
SE33,27.2,CT [CTTT]2 CCTT C [CTTT]16 CT [CTTT]11 CT [CTTT]3 CT [CTTT]2 ,,7
SE33,27.2,CT [CTTT]2 [CCTT]2 C [CTTT]19 TT [CTTT]7 CT [CTTT]3 CT [CTTT]2 ,,6
SE33,27.2,CT [CTTT]2 CCTT C [CTTT]21 TT [CTTT]6 CT [CTTT]3 CT [CTTT]2 ,,5
SE33,27.2,CT [CTTT]2 CCTT C [CTTT]22 TT [CTTT]5 CT [CTTT]3 CT [CTTT]2 ,,4
SE33,27.2,CT [CTTT]2 CCTT C [CTTT]14 CT [CTTT]13 CT [CTTT]3 CT [CTTT]2 ,,3
SE33,27.2,CT [CTTT]2 CCTT C [CTTT]15 CT [CTTT]12 CT [CTTT]3 CT [CTTT]2 ,,3
SE33,27.2,CT [CTTT]2 CCTT C [CTTT]20 TT [CTTT]7 CT [CTTT]3 CT [CTTT]2 ,,3
SE33,27.2,CT [CTTT]2 CCTT C [CTTT]18 TT [CTTT]10 CT [CTTT]3 CT CTTT ,,2
SE33,27.2,CT [CTTT]2 [CCTT]2 C [CTTT]20 TT [CTTT]6 CT [CTTT]3 CT [CTTT]2 ,,1
SE33,27.2,CT [CTTT]2 [CCTT]2 C [CTTT]18 TT [CTTT]8 CT [CTTT]3 CT [CTTT]2 ,,1
SE33,27.2,CT [CTTT]2 [CCTT]2 C [CTTT]16 TT [CTTT]10 CT [CTTT]3 CT [CTTT]2 ,,1
SE33,27.2,CT [CTTT]2 CCTT C [CTTT]17 CT [CTTT]10 CT [CTTT]3 CT [CTTT]2 ,,1
SE33,27.2,CT [CTTT]2 CCTT C [CTTT]18 CT [CTTT]9 CT [CTTT]3 CT [CTTT]2 ,,1
SE33,27.2,CT [CTTT]2 CCTT C [CTTT]19 CT [CTTT]8 CT [CTTT]3 CT [CTTT]2 ,,1
SE33,27.2,CT [CTTT]2 CCTT C [CTTT]20 TT [CTTT]8 CT [CTTT]3 CT CTTT ,,1
SE33,27.2,CT [CTTT]2 CCTT C [CTTT]13 TT [CTTT]14 CT [CTTT]3 CT [CTTT]2 ,,1
SE33,27.2,CT [CTTT]2 CCTT C [CTTT]12 TT [CTTT]15 CT [CTTT]3 CT [CTTT]2 ,,1
SE33,27.2,CT [CTTT]2 C [CTTT]19 TT [CTTT]9 CT [CTTT]3 CT [CTTT]2 ,,1
SE33,27.2,CT [CTTT]2 C [CTTT]17 TT [CTTT]11 CT [CTTT]3 CT [CTTT]2 ,,1
SE33,27.2,CT [CTTT]2 C [CTTT]16 TT [CTTT]12 CT [CTTT]3 CT [CTTT]2 ,,1
SE33,27.3,CT [CTTT]2 CCTT C [CTTT]19 TTT [CTTT]8 CT [CTTT]3 CT [CTTT]2 ,,1
SE33,28.2,CT [CTTT]2 CCTT C [CTTT]17 TT [CTTT]11 CT [CTTT]3 CT [CTTT]2 ,,23
SE33,28.2,CT [CTTT]2 CCTT C [CTTT]15 TT [CTTT]13 CT [CTTT]3 CT [CTTT]2 ,,19
SE33,28.2,CT [CTTT]2 CCTT C [CTTT]16 TT [CTTT]12 CT [CTTT]3 CT [CTTT]2 ,,16
SE33,28.2,CT [CTTT]2 CCTT C [CTTT]20 TT [CTTT]8 CT [CTTT]3 CT [CTTT]2 ,,13
SE33,28.2,CT [CTTT]2 CCTT C [CTTT]19 TT [CTTT]9 CT [CTTT]3 CT [CTTT]2 ,,13
SE33,28.2,CT [CTTT]2 CCTT C [CTTT]18 TT [CTTT]10 CT [CTTT]3 CT [CTTT]2 ,,12
SE33,28.2,CT [CTTT]2 CCTT C [CTTT]21 TT [CTTT]7 CT [CTTT]3 CT [CTTT]2 ,,5
SE33,28.2,CT [CTTT]2 CCTT C [CTTT]20 CT [CTTT]8 CT [CTTT]3 CT [CTTT]2 ,,3
SE33,28.2,CT [CTTT]2 CCTT C [CTTT]23 TT [CTTT]5 CT [CTTT]3 CT [CTTT]2 ,,3
SE33,28.2,CT [CTTT]2 CCTT C [CTTT]14 TT [CTTT]14 CT [CTTT]3 CT [CTTT]2 ,,3
SE33,28.2,CT [CTTT]2 [CCTT]2 C [CTTT]15 CT [CTTT]12 CT [CTTT]3 CT [CTTT]2 ,,2
SE33,28.2,CT [CTTT]2 [CCTT]2 C [CTTT]20 TT [CTTT]7 CT [CTTT]3 CT [CTTT]2 ,,2
SE33,28.2,CT [CTTT]2 [CCTT]2 C [CTTT]14 TT [CTTT]13 CT [CTTT]3 CT [CTTT]2 ,,2
SE33,28.2,CT [CTTT]2 CCTT C [CTTT]16 CT [CTTT]12 CT [CTTT]3 CT [CTTT]2 ,,2
SE33,28.2,CT [CTTT]2 CCTT C [CTTT]19 CT [CTTT]9 CT [CTTT]3 CT [CTTT]2 ,,2
SE33,28.2,CT [CTTT]2 CCTT C [CTTT]19 TT [CTTT]10 CT [CTTT]3 CT CTTT ,,2
SE33,28.2,CT [CTTT]2 CCTT C [CTTT]13 TT [CTTT]15 CT [CTTT]3 CT [CTTT]2 ,,2
SE33,28.2,CT [CTTT]2 [CCTT]2 C [CTTT]14 CT [CTTT]13 CT [CTTT]3 CT [CTTT]2 ,,1
SE33,28.2,CT [CTTT]2 [CCTT]2 C [CTTT]16 CT [CTTT]11 CT [CTTT]3 CT [CTTT]2 ,,1
SE33,28.2,CT [CTTT]2 [CCTT]2 C [CTTT]19 TT [CTTT]8 CT [CTTT]3 CT [CTTT]2 ,,1
SE33,28.2,CT [CTTT]2 [CCTT]2 C [CTTT]15 TT [CTTT]12 CT [CTTT]3 CT [CTTT]2 ,,1
SE33,28.2,CT [CTTT]2 [CCTT]2 C [CTTT]13 TT [CTTT]14 CT [CTTT]3 CT [CTTT]2 ,,1
SE33,28.2,CT [CTTT]2 CCTT C [CTTT]17 CT [CTTT]11 CT [CTTT]3 CT [CTTT]2 ,,1
SE33,28.2,CT [CTTT]2 CCTT C [CTTT]18 CT [CTTT]10 CT [CTTT]3 CT [CTTT]2 ,,1
SE33,28.3,CT [CTTT]2 CCTT C [CTTT]15 TT [CTTT]12 T CTTT CT [CTTT]3 CT [CTTT]2 ,,1
SE33,29.2,CT [CTTT]2 CCTT C [CTTT]17 TT [CTTT]12 CT [CTTT]3 CT [CTTT]2 ,,19
SE33,29.2,CT [CTTT]2 CCTT C [CTTT]16 TT [CTTT]13 CT [CTTT]3 CT [CTTT]2 ,,17
SE33,29.2,CT [CTTT]2 CCTT C [CTTT]18 TT [CTTT]11 CT [CTTT]3 CT [CTTT]2 ,,12
SE33,29.2,CT [CTTT]2 CCTT C [CTTT]15 TT [CTTT]14 CT [CTTT]3 CT [CTTT]2 ,,12
SE33,29.2,CT [CTTT]2 CCTT C [CTTT]21 TT [CTTT]8 CT [CTTT]3 CT [CTTT]2 ,,8
SE33,29.2,CT [CTTT]2 CCTT C [CTTT]19 TT [CTTT]10 CT [CTTT]3 CT [CTTT]2 ,,7
SE33,29.2,CT [CTTT]2 CCTT C [CTTT]20 TT [CTTT]9 CT [CTTT]3 CT [CTTT]2 ,,5
SE33,29.2,CT [CTTT]2 CCTT C [CTTT]22 TT [CTTT]7 CT [CTTT]3 CT [CTTT]2 ,,4
SE33,29.2,CT [CTTT]2 [CCTT]2 C [CTTT]21 TT [CTTT]7 CT [CTTT]3 CT [CTTT]2 ,,3
SE33,29.2,CT [CTTT]2 CCTT C [CTTT]17 CT [CTTT]12 CT [CTTT]3 CT [CTTT]2 ,,2
SE33,29.2,CT [CTTT]2 CCTT C [CTTT]19 CT [CTTT]10 CT [CTTT]3 CT [CTTT]2 ,,2
SE33,29.2,CT [CTTT]2 [CCTT]3 C [CTTT]19 TT [CTTT]8 CT [CTTT]3 CT [CTTT]2 ,,1
SE33,29.2,CT [CTTT]2 [CCTT]2 C [CTTT]16 CT [CTTT]12 CT [CTTT]3 CT [CTTT]2 ,,1
SE33,29.2,CT [CTTT]2 [CCTT]2 C [CTTT]17 CT [CTTT]11 CT [CTTT]3 CT [CTTT]2 ,,1
SE33,29.2,CT [CTTT]2 [CCTT]2 C [CTTT]20 TT [CTTT]8 CT [CTTT]3 CT [CTTT]2 ,,1
SE33,29.2,CT [CTTT]2 [CCTT]2 C [CTTT]18 TT [CTTT]11 CT [CTTT]3 CT CTTT ,,1
SE33,29.2,CT [CTTT]2 CCTT C [CTTT]20 CT [CTTT]9 CT [CTTT]3 CT [CTTT]2 ,,1
SE33,29.2,CT [CTTT]2 CCTT C [CTTT]24 TT [CTTT]5 CT [CTTT]3 CT [CTTT]2 ,,1
SE33,29.2,CT [CTTT]2 CCTT C [CTTT]23 TT [CTTT]6 CT [CTTT]3 CT [CTTT]2 ,,1
SE33,29.2,CT [CTTT]2 CCTT C [CTTT]20 TT [CTTT]10 CT [CTTT]3 CT CTTT ,,1
SE33,29.2,CT [CTTT]2 CCTT C [CTTT]19 TT [CTTT]11 CT [CTTT]3 CT CTTT ,,1
SE33,30,CT [CTTT]2 CCTT C [CTTT]13 TT [CTTT]7 TT [CTTT]9 CT [CTTT]3 CT [CTTT]2 ,,1
SE33,30.2,CT [CTTT]2 CCTT C [CTTT]17 TT [CTTT]13 CT [CTTT]3 CT [CTTT]2 ,,17
SE33,30.2,CT [CTTT]2 CCTT C [CTTT]16 TT [CTTT]14 CT [CTTT]3 CT [CTTT]2 ,,17
SE33,30.2,CT [CTTT]2 CCTT C [CTTT]18 TT [CTTT]12 CT [CTTT]3 CT [CTTT]2 ,,12
SE33,30.2,CT [CTTT]2 CCTT C [CTTT]19 TT [CTTT]11 CT [CTTT]3 CT [CTTT]2 ,,11
SE33,30.2,CT [CTTT]2 CCTT C [CTTT]20 TT [CTTT]10 CT [CTTT]3 CT [CTTT]2 ,,6
SE33,30.2,CT [CTTT]2 CCTT C [CTTT]21 TT [CTTT]9 CT [CTTT]3 CT [CTTT]2 ,,4
SE33,30.2,CT [CTTT]2 CCTT C [CTTT]21 CT [CTTT]9 CT [CTTT]3 CT [CTTT]2 ,,3
SE33,30.2,CT [CTTT]2 [CCTT]2 C [CTTT]19 TT [CTTT]11 CT [CTTT]3 CT CTTT ,,2
SE33,30.2,CT [CTTT]2 CCTT C [CTTT]15 TT [CTTT]15 CT [CTTT]3 CT [CTTT]2 ,,2
SE33,30.2,CT [CTTT]2 CCTT C [CTTT]23 TT [CTTT]7 CT [CTTT]3 CT [CTTT]2 ,,1
SE33,30.2,CT [CTTT]2 CCTT C [CTTT]22 TT [CTTT]8 CT [CTTT]3 CT [CTTT]2 ,,1
SE33,30.2,CT [CTTT]2 CCTT C [CTTT]21 TT [CTTT]10 CT [CTTT]3 CT CTTT ,,1
SE33,30.2,CT [CTTT]2 C [CTTT]19 TT [CTTT]12 CT [CTTT]3 CT [CTTT]2 ,,1
SE33,31,CT [CTTT]2 CCTT C [CTTT]22 TT [CTTT]10 CT [CTTT]3 CTCT,,1
SE33,31,CT [CTTT]2 CCTT C [CTTT]10 TT [CTTT]10 TT [CTTT]10 CT [CTTT]3 CT [CTTT]2 ,,1
SE33,31,CT [CTTT]2 CCTT C [CTTT]10 TT [CTTT]9 TT [CTTT]11 CT [CTTT]3 CT [CTTT]2 ,,1
SE33,31.2,CT [CTTT]2 CCTT C [CTTT]18 TT [CTTT]13 CT [CTTT]3 CT [CTTT]2 ,,11
SE33,31.2,CT [CTTT]2 CCTT C [CTTT]19 TT [CTTT]12 CT [CTTT]3 CT [CTTT]2 ,,6
SE33,31.2,CT [CTTT]2 CCTT C [CTTT]22 TT [CTTT]9 CT [CTTT]3 CT [CTTT]2 ,,5
SE33,31.2,CT [CTTT]2 CCTT C [CTTT]17 TT [CTTT]14 CT [CTTT]3 CT [CTTT]2 ,,5
SE33,31.2,CT [CTTT]2 CCTT C [CTTT]20 TT [CTTT]11 CT [CTTT]3 CT [CTTT]2 ,,3
SE33,31.2,CT [CTTT]2 CCTT C [CTTT]23 TT [CTTT]8 CT [CTTT]3 CT [CTTT]2 ,,2
SE33,31.2,CT [CTTT]2 CCTT C [CTTT]22 TT [CTTT]10 CT [CTTT]3 CT CTTT ,,2
SE33,31.2,CT [CTTT]2 [CCTT]2 C [CTTT]16 TT [CTTT]14 CT [CTTT]3 CT [CTTT]2 ,,1
SE33,31.2,CT [CTTT]2 CCTT C [CTTT]21 TT [CTTT]10 CT [CTTT]3 CT [CTTT]2 ,,1
SE33,31.2,CT [CTTT]2 CCTT C [CTTT]20 TT [CTTT]12 CT [CTTT]3 CT CTTT ,,1
SE33,31.2,CT [CTTT]2 CCTT C [CTTT]16 TT [CTTT]15 CT [CTTT]3 CT [CTTT]2 ,,1
SE33,31.2,CT [CTTT]2 CCTT C [CTTT]15 TT [CTTT]16 CT [CTTT]3 CT [CTTT]2 ,,1
SE33,32,CT [CTTT]2 CCTT C [CTTT]10 TT [CTTT]9 TT [CTTT]12 CT [CTTT]3 CT [CTTT]2 ,,1
SE33,32.2,CT [CTTT]2 CCTT C [CTTT]21 TT [CTTT]11 CT [CTTT]3 CT [CTTT]2 ,,5
SE33,32.2,CT [CTTT]2 CCTT C [CTTT]19 TT [CTTT]13 CT [CTTT]3 CT [CTTT]2 ,,4
SE33,32.2,CT [CTTT]2 CCTT C [CTTT]22 TT [CTTT]10 CT [CTTT]3 CT [CTTT]2 ,,2
SE33,32.2,CT [CTTT]2 CCTT C [CTTT]18 TT [CTTT]14 CT [CTTT]3 CT [CTTT]2 ,,2
SE33,32.2,CT [CTTT]2 [CCTT]2 C [CTTT]21 CT [CTTT]10 CT [CTTT]3 CT [CTTT]2 ,,1
SE33,32.2,CT [CTTT]2 [CCTT]2 C [CTTT]21 TT [CTTT]11 CT [CTTT]3 CT CTTT ,,1
SE33,32.2,CT [CTTT]2 CCTT C [CTTT]23 TT [CTTT]10 CT [CTTT]3 CT CTTT ,,1
SE33,32.2,CT [CTTT]2 CCTT C [CTTT]20 TT [CTTT]12 CT [CTTT]3 CT [CTTT]2 ,,1
SE33,32.2,CT [CTTT]2 CCTT C [CTTT]16 TT [CTTT]16 CT [CTTT]3 CT [CTTT]2 ,,1
SE33,32.2,CT [CTTT]2 CCTT C [CTTT]10 TT [CTTT]13 TT [CTTT]9 TTCT [CTTT]2 CT [CTTT]2 ,,1
SE33,33,CT [CTTT]2 CCTT C [CTTT]10 TT [CTTT]13 TT [CTTT]9 CT [CTTT]3 CT [CTTT]2 ,,1
SE33,33,CT [CTTT]2 CCTT C [CTTT]10 TT [CTTT]10 TT [CTTT]12 CT [CTTT]3 CT [CTTT]2 ,,1
SE33,33.2,CT [CTTT]2 CCTT C [CTTT]24 TT [CTTT]10 CT [CTTT]3 CT CTTT ,,2
SE33,33.2,CT [CTTT]2 CCTT C [CTTT]20 TT [CTTT]13 CT [CTTT]3 CT [CTTT]2 ,,2
SE33,33.2,CT [CTTT]2 CCTT C [CTTT]19 TT [CTTT]14 CT [CTTT]3 CT [CTTT]2 ,,2
SE33,33.2,CT [CTTT]2 CCTT C [CTTT]12 CTAT [CTTT]7 TT [CTTT]13 CT [CTTT]3 CT [CTTT]2 ,,1
SE33,34,CT [CTTT]2 CCTT C [CTTT]11 TT [CTTT]12 TT [CTTT]10 CT [CTTT]3 CT [CTTT]2 ,,2
SE33,34,CT [CTTT]2 CCTT C [CTTT]10 TT [CTTT]13 TT [CTTT]10 CT [CTTT]3 CT [CTTT]2 ,,2
SE33,34,CT [CTTT]2 CCTT C [CTTT]11 TT [CTTT]13 TT [CTTT]9 CT [CTTT]3 CT [CTTT]2 ,,1
SE33,34,CT [CTTT]2 CCTT C [CTTT]11 TT [CTTT]11 TT [CTTT]11 CT [CTTT]3 CT [CTTT]2 ,,1
SE33,34,CT [CTTT]2 CCTT C [CTTT]10 TT [CTTT]12 TT [CTTT]11 CT [CTTT]3 CT [CTTT]2 ,,1
SE33,34,CT [CTTT]2 CCTT C [CTTT]10 TT [CTTT]10 TT [CTTT]13 CT [CTTT]3 CT [CTTT]2 ,,1
SE33,34.2,CT [CTTT]2 CCTT C [CTTT]24 TT [CTTT]11 CT [CTTT]3 CT CTTT ,,1
SE33,36,CT [CTTT]2 CCTT C [CTTT]10 TT [CTTT]13 TT [CTTT]12 CT [CTTT]3 CT [CTTT]2 ,,1
