Sample File, Marker, Allele 1, Allele 2, Allele 3, Allele 4, Allele 5, Allele 6, Allele 7, Allele 8, Allele 9, Allele 10, Size 1, Size 2, Size 3, Size 4, Size 5, Size 6, Size 7, Size 8, Size 9, Size 10, Height 1, Height 2, Height 3, Height 4, Height 5, Height 6, Height 7, Height 8, Height 9, Height 10
Example, D8S1179,13,14,15,16, , , , , , ,142.17,146.36,150.49,154.64, , , , , , ,90,1653,3166,1357, , , , , , 
Example, D21S11,27,28,29,30,30.2,31.2,, , , ,194.65,198.71,202.78,206.75,208.7,212.63,, , , ,70,1275,166,2060,102,1443,, , , 
Example, D7S820,10,11, , , , , , , , ,270.12,274.2, , , , , , , , ,211,3653, , , , , , , , 
Example, CSF1PO,9,10,11,12,13,14, , , , ,314.47,318.59,322.67,326.79,330.72,334.76, , , , ,111,2517,90,1253,100,1265, , , , 
Example, D3S1358,13,14,15, , , , , , , ,114.63,118.58,122.53, , , , , , , ,126,1965,3898, , , , , , , 
Example, TH01,6,7,8,9, , , , , , ,168.67,172.72,176.78,180.78, , , , , , ,56,2740,82,2654, , , , , , 
Example, D13S317,7,8,9,10,11,12, , , , ,211.18,215.23,219.47,223.36,227.33,231.4, , , , ,32,1678,64,1387,1311,1344, , , , 
Example, D16S539,10,11,12,13, , , , , , ,271.28,275.18,279.2,283.17, , , , , , ,146,2610,1580,1198, , , , , , 
Example, D2S1338,18,19,20,22,23, , , , , ,316.9,321.1,325.14,333.09,337.1, , , , , ,170,2384,1030,84,922, , , , , 
Example, D19S433,12,13,14,, , , , , , ,112.14,116.21,120.24,, , , , , , ,75,1094,2865,, , , , , , 
Example, vWA,13,14,15,16,17,18,,, , ,160.08,164.29,168.16,172.21,176.27,180.34,,, , ,31,1015,141,2294,90,999,,, , 
Example, TPOX,7,8,10,11,, , , , , ,225,228.8,236.87,240.82,, , , , , ,43,1886,73,2019,, , , , , 
Example, D18S51,12,13,14,15,16, , , , , ,281.23,285.19,289.24,293.29,297.27, , , , , ,127,1859,60,971,992, , , , , 
Example, AMEL, X, Y, , , , , , , , ,105.11,111.01, , , , , , , , ,2054,1703, , , , , , , , 
Example, D5S818,10,11,12,13,14,, , , , ,144.77,148.88,153.02,157.1,161.26,, , , , ,59,1023,1578,91,892,, , , , 
Example, FGA,18,19,20,21,22, , , , , ,217.08,221.21,225.26,229.23,233.31, , , , , ,46,882,1041,125,1814, , , , , 
